<?xml version="1.0" encoding="UTF-8"?>
<GenRun Id="impl_1" LaunchPart="xc7a100tcsg324-1" LaunchTime="1738253499">
  <File Type="ROUTE-PWR" Name="Riconoscitore_onBoard_power_routed.rpt"/>
  <File Type="PA-TCL" Name="Riconoscitore_onBoard.tcl"/>
  <File Type="ROUTE-PWR-SUM" Name="Riconoscitore_onBoard_power_summary_routed.pb"/>
  <File Type="REPORTS-TCL" Name="Riconoscitore_onBoard_reports.tcl"/>
  <File Type="OPT-RQA-PB" Name="Riconoscitore_onBoard_rqa_opted.pb"/>
  <File Type="BITSTR-MMI" Name="Riconoscitore_onBoard.mmi"/>
  <File Type="OPT-METHODOLOGY-DRC" Name="Riconoscitore_onBoard_methodology_drc_opted.rpt"/>
  <File Type="INIT-TIMING" Name="Riconoscitore_onBoard_timing_summary_init.rpt"/>
  <File Type="OPT-TIMING" Name="Riconoscitore_onBoard_timing_summary_opted.rpt"/>
  <File Type="OPT-DCP" Name="Riconoscitore_onBoard_opt.dcp"/>
  <File Type="OPT-DRC" Name="Riconoscitore_onBoard_drc_opted.rpt"/>
  <File Type="OPT-HWDEF" Name="Riconoscitore_onBoard.hwdef"/>
  <File Type="PWROPT-DCP" Name="Riconoscitore_onBoard_pwropt.dcp"/>
  <File Type="PWROPT-DRC" Name="Riconoscitore_onBoard_drc_pwropted.rpt"/>
  <File Type="PWROPT-TIMING" Name="Riconoscitore_onBoard_timing_summary_pwropted.rpt"/>
  <File Type="PLACE-DCP" Name="Riconoscitore_onBoard_placed.dcp"/>
  <File Type="PLACE-IO" Name="Riconoscitore_onBoard_io_placed.rpt"/>
  <File Type="PLACE-CLK" Name="Riconoscitore_onBoard_clock_utilization_placed.rpt"/>
  <File Type="PLACE-UTIL" Name="Riconoscitore_onBoard_utilization_placed.rpt"/>
  <File Type="PLACE-UTIL-PB" Name="Riconoscitore_onBoard_utilization_placed.pb"/>
  <File Type="PLACE-CTRL" Name="Riconoscitore_onBoard_control_sets_placed.rpt"/>
  <File Type="PLACE-SIMILARITY" Name="Riconoscitore_onBoard_incremental_reuse_placed.rpt"/>
  <File Type="PLACE-PRE-SIMILARITY" Name="Riconoscitore_onBoard_incremental_reuse_pre_placed.rpt"/>
  <File Type="BG-BIN" Name="Riconoscitore_onBoard.bin"/>
  <File Type="PLACE-TIMING" Name="Riconoscitore_onBoard_timing_summary_placed.rpt"/>
  <File Type="ROUTE-PWR-RPX" Name="Riconoscitore_onBoard_power_routed.rpx"/>
  <File Type="PLACE-RQA-PB" Name="Riconoscitore_onBoard_rqa_placed.pb"/>
  <File Type="POSTPLACE-PWROPT-DCP" Name="Riconoscitore_onBoard_postplace_pwropt.dcp"/>
  <File Type="BITSTR-MSK" Name="Riconoscitore_onBoard.msk"/>
  <File Type="POSTPLACE-PWROPT-TIMING" Name="Riconoscitore_onBoard_timing_summary_postplace_pwropted.rpt"/>
  <File Type="PHYSOPT-DCP" Name="Riconoscitore_onBoard_physopt.dcp"/>
  <File Type="PHYSOPT-DRC" Name="Riconoscitore_onBoard_drc_physopted.rpt"/>
  <File Type="BITSTR-RBT" Name="Riconoscitore_onBoard.rbt"/>
  <File Type="PHYSOPT-TIMING" Name="Riconoscitore_onBoard_timing_summary_physopted.rpt"/>
  <File Type="ROUTE-ERROR-DCP" Name="Riconoscitore_onBoard_routed_error.dcp"/>
  <File Type="ROUTE-DCP" Name="Riconoscitore_onBoard_routed.dcp"/>
  <File Type="ROUTE-BLACKBOX-DCP" Name="Riconoscitore_onBoard_routed_bb.dcp"/>
  <File Type="ROUTE-DRC" Name="Riconoscitore_onBoard_drc_routed.rpt"/>
  <File Type="ROUTE-DRC-PB" Name="Riconoscitore_onBoard_drc_routed.pb"/>
  <File Type="ROUTE-DRC-RPX" Name="Riconoscitore_onBoard_drc_routed.rpx"/>
  <File Type="ROUTE-METHODOLOGY-DRC" Name="Riconoscitore_onBoard_methodology_drc_routed.rpt"/>
  <File Type="ROUTE-METHODOLOGY-DRC-RPX" Name="Riconoscitore_onBoard_methodology_drc_routed.rpx"/>
  <File Type="ROUTE-METHODOLOGY-DRC-PB" Name="Riconoscitore_onBoard_methodology_drc_routed.pb"/>
  <File Type="ROUTE-RQS-PB" Name="Riconoscitore_onBoard_rqs_routed.pb"/>
  <File Type="ROUTE-STATUS" Name="Riconoscitore_onBoard_route_status.rpt"/>
  <File Type="ROUTE-STATUS-PB" Name="Riconoscitore_onBoard_route_status.pb"/>
  <File Type="ROUTE-TIMINGSUMMARY" Name="Riconoscitore_onBoard_timing_summary_routed.rpt"/>
  <File Type="ROUTE-TIMING-PB" Name="Riconoscitore_onBoard_timing_summary_routed.pb"/>
  <File Type="ROUTE-TIMING-RPX" Name="Riconoscitore_onBoard_timing_summary_routed.rpx"/>
  <File Type="ROUTE-SIMILARITY" Name="Riconoscitore_onBoard_incremental_reuse_routed.rpt"/>
  <File Type="ROUTE-CLK" Name="Riconoscitore_onBoard_clock_utilization_routed.rpt"/>
  <File Type="ROUTE-BUS-SKEW" Name="Riconoscitore_onBoard_bus_skew_routed.rpt"/>
  <File Type="ROUTE-BUS-SKEW-PB" Name="Riconoscitore_onBoard_bus_skew_routed.pb"/>
  <File Type="ROUTE-BUS-SKEW-RPX" Name="Riconoscitore_onBoard_bus_skew_routed.rpx"/>
  <File Type="POSTROUTE-PHYSOPT-DCP" Name="Riconoscitore_onBoard_postroute_physopt.dcp"/>
  <File Type="POSTROUTE-PHYSOPT-BLACKBOX-DCP" Name="Riconoscitore_onBoard_postroute_physopt_bb.dcp"/>
  <File Type="POSTROUTE-PHYSOPT-TIMING" Name="Riconoscitore_onBoard_timing_summary_postroute_physopted.rpt"/>
  <File Type="POSTROUTE-PHYSOPT-TIMING-PB" Name="Riconoscitore_onBoard_timing_summary_postroute_physopted.pb"/>
  <File Type="POSTROUTE-PHYSOPT-TIMING-RPX" Name="Riconoscitore_onBoard_timing_summary_postroute_physopted.rpx"/>
  <File Type="POSTROUTE-PHYSOPT-BUS-SKEW" Name="Riconoscitore_onBoard_bus_skew_postroute_physopted.rpt"/>
  <File Type="BG-BIT" Name="Riconoscitore_onBoard.bit"/>
  <File Type="POSTROUTE-PHYSOPT-BUS-SKEW-PB" Name="Riconoscitore_onBoard_bus_skew_postroute_physopted.pb"/>
  <File Type="POSTROUTE-PHYSOPT-BUS-SKEW-RPX" Name="Riconoscitore_onBoard_bus_skew_postroute_physopted.rpx"/>
  <File Type="BITSTR-NKY" Name="Riconoscitore_onBoard.nky"/>
  <File Type="BITSTR-BMM" Name="Riconoscitore_onBoard_bd.bmm"/>
  <File Type="PDI-FILE" Name="Riconoscitore_onBoard.pdi"/>
  <File Type="BOOT-PDI-FILE" Name="Riconoscitore_onBoard_soc.pdi"/>
  <File Type="PL-PDI-FILE" Name="Riconoscitore_onBoard_pld.pdi"/>
  <File Type="RCFI_FILE" Name="Riconoscitore_onBoard.rcfi"/>
  <File Type="CFI_FILE" Name="Riconoscitore_onBoard.cfi"/>
  <File Type="RNPI_FILE" Name="Riconoscitore_onBoard.rnpi"/>
  <File Type="NPI_FILE" Name="Riconoscitore_onBoard.npi"/>
  <File Type="RBD_FILE" Name="Riconoscitore_onBoard.rbd"/>
  <File Type="BITSTR-LTX" Name="debug_nets.ltx"/>
  <File Type="BITSTR-LTX" Name="Riconoscitore_onBoard.ltx"/>
  <File Type="BITSTR-SYSDEF" Name="Riconoscitore_onBoard.sysdef"/>
  <File Type="BG-BGN" Name="Riconoscitore_onBoard.bgn"/>
  <File Type="BG-DRC" Name="Riconoscitore_onBoard.drc"/>
  <File Type="RDI-RDI" Name="Riconoscitore_onBoard.vdi"/>
  <File Type="WBT-USG" Name="usage_statistics_webtalk.html"/>
  <File Type="ROUTE-RQS" Name="Riconoscitore_onBoard_routed.rqs"/>
  <File Type="POSTROUTE-PHYSOPT-RQS" Name="Riconoscitore_onBoard_postroute_physopted.rqs"/>
  <File Type="ROUTE-RQS-RPT" Name="route_report_qor_suggestions_0.rpt"/>
  <File Type="POSTROUTE-PHYSOPT-RQS-RPT" Name="postroute_physopt_report_qor_suggestions_0.rpt"/>
  <FileSet Name="sources" Type="DesignSrcs" RelSrcDir="$PSRCDIR/sources_1" RelGenDir="$PGENDIR/sources_1">
    <Filter Type="Srcs"/>
    <File Path="$PSRCDIR/sources_1/imports/new/ButtonDebouncer.vhd">
      <FileInfo>
        <Attr Name="ImportPath" Val="$PPRDIR/../12_ROM_ON_DISPLAY/12_ROM_ON_DISPLAY.srcs/sources_1/imports/sources_1/new/ButtonDebouncer.vhd"/>
        <Attr Name="ImportTime" Val="1730116291"/>
        <Attr Name="UsedIn" Val="synthesis"/>
        <Attr Name="UsedIn" Val="simulation"/>
      </FileInfo>
    </File>
    <File Path="$PSRCDIR/sources_1/imports/new/RICONOSCITORE_DI_SEQ.vhd">
      <FileInfo>
        <Attr Name="ImportPath" Val="$PPRDIR/../../Progetto_ASDI/Riconoscitore di Sequenza/Riconoscitore di Sequenza.srcs/sources_1/new/RICONOSCITORE_DI_SEQ.vhd"/>
        <Attr Name="ImportTime" Val="1738230928"/>
        <Attr Name="UsedIn" Val="synthesis"/>
        <Attr Name="UsedIn" Val="simulation"/>
      </FileInfo>
    </File>
    <File Path="$PSRCDIR/sources_1/new/Riconoscitore_onBoard.vhd">
      <FileInfo>
        <Attr Name="UsedIn" Val="synthesis"/>
        <Attr Name="UsedIn" Val="simulation"/>
      </FileInfo>
    </File>
    <Config>
      <Option Name="DesignMode" Val="RTL"/>
      <Option Name="TopModule" Val="Riconoscitore_onBoard"/>
    </Config>
  </FileSet>
  <FileSet Name="constrs_in" Type="Constrs" RelSrcDir="$PSRCDIR/constrs_1" RelGenDir="$PGENDIR/constrs_1">
    <Filter Type="Constrs"/>
    <File Path="$PSRCDIR/constrs_1/imports/digilent-xdc-master/Nexys-A7-100T-Master.xdc">
      <FileInfo>
        <Attr Name="ImportPath" Val="$PPRDIR/../../../../Downloads/digilent-xdc-master/digilent-xdc-master/Nexys-A7-100T-Master.xdc"/>
        <Attr Name="ImportTime" Val="1738150359"/>
        <Attr Name="UsedIn" Val="synthesis"/>
        <Attr Name="UsedIn" Val="implementation"/>
      </FileInfo>
    </File>
    <Config>
      <Option Name="ConstrsType" Val="XDC"/>
    </Config>
  </FileSet>
  <FileSet Name="utils" Type="Utils" RelSrcDir="$PSRCDIR/utils_1" RelGenDir="$PGENDIR/utils_1">
    <Filter Type="Utils"/>
    <File Path="$PSRCDIR/utils_1/imports/synth_1/Riconoscitore_onBoard.dcp">
      <FileInfo>
        <Attr Name="UsedIn" Val="synthesis"/>
        <Attr Name="UsedIn" Val="implementation"/>
        <Attr Name="UsedInSteps" Val="synth_1"/>
        <Attr Name="AutoDcp" Val="1"/>
      </FileInfo>
    </File>
    <Config>
      <Option Name="TopAutoSet" Val="TRUE"/>
    </Config>
  </FileSet>
  <Strategy Version="1" Minor="2">
    <StratHandle Name="Vivado Implementation Defaults" Flow="Vivado Implementation 2023"/>
    <Step Id="init_design"/>
    <Step Id="opt_design"/>
    <Step Id="power_opt_design"/>
    <Step Id="place_design"/>
    <Step Id="post_place_power_opt_design"/>
    <Step Id="phys_opt_design"/>
    <Step Id="route_design"/>
    <Step Id="post_route_phys_opt_design"/>
    <Step Id="write_bitstream"/>
  </Strategy>
</GenRun>
