<?xml version="1.0" encoding="UTF-8"?>
<GenRun Id="impl_1" LaunchPart="xc7a12ticsg325-1L" LaunchTime="1732705528">
  <File Type="ROUTE-PWR" Name="RICONOSCITORE_DI_SEQ_power_routed.rpt"/>
  <File Type="PA-TCL" Name="RICONOSCITORE_DI_SEQ.tcl"/>
  <File Type="ROUTE-PWR-SUM" Name="RICONOSCITORE_DI_SEQ_power_summary_routed.pb"/>
  <File Type="REPORTS-TCL" Name="RICONOSCITORE_DI_SEQ_reports.tcl"/>
  <File Type="BITSTR-MSK" Name="RICONOSCITORE_DI_SEQ.msk"/>
  <File Type="ROUTE-CLK" Name="RICONOSCITORE_DI_SEQ_clock_utilization_routed.rpt"/>
  <File Type="RDI-RDI" Name="RICONOSCITORE_DI_SEQ.vdi"/>
  <File Type="ROUTE-BUS-SKEW" Name="RICONOSCITORE_DI_SEQ_bus_skew_routed.rpt"/>
  <File Type="PA-DCP" Name="RICONOSCITORE_DI_SEQ.dcp"/>
  <File Type="POSTROUTE-PHYSOPT-BUS-SKEW-PB" Name="RICONOSCITORE_DI_SEQ_bus_skew_postroute_physopted.pb"/>
  <File Type="BG-BIT" Name="RICONOSCITORE_DI_SEQ.bit"/>
  <File Type="BG-DRC" Name="RICONOSCITORE_DI_SEQ.drc"/>
  <File Type="BG-BGN" Name="RICONOSCITORE_DI_SEQ.bgn"/>
  <File Type="BG-BIN" Name="RICONOSCITORE_DI_SEQ.bin"/>
  <File Type="BITSTR-RBT" Name="RICONOSCITORE_DI_SEQ.rbt"/>
  <File Type="BITSTR-NKY" Name="RICONOSCITORE_DI_SEQ.nky"/>
  <File Type="BITSTR-BMM" Name="RICONOSCITORE_DI_SEQ_bd.bmm"/>
  <File Type="BITSTR-MMI" Name="RICONOSCITORE_DI_SEQ.mmi"/>
  <File Type="BITSTR-SYSDEF" Name="RICONOSCITORE_DI_SEQ.sysdef"/>
  <File Type="BITSTR-LTX" Name="debug_nets.ltx"/>
  <File Type="BITSTR-LTX" Name="RICONOSCITORE_DI_SEQ.ltx"/>
  <File Type="WBT-USG" Name="usage_statistics_webtalk.html"/>
  <File Type="OPT-DRC" Name="RICONOSCITORE_DI_SEQ_drc_opted.rpt"/>
  <File Type="OPT-HWDEF" Name="RICONOSCITORE_DI_SEQ.hwdef"/>
  <File Type="PLACE-IO" Name="RICONOSCITORE_DI_SEQ_io_placed.rpt"/>
  <File Type="PLACE-UTIL" Name="RICONOSCITORE_DI_SEQ_utilization_placed.rpt"/>
  <File Type="PLACE-UTIL-PB" Name="RICONOSCITORE_DI_SEQ_utilization_placed.pb"/>
  <File Type="PLACE-CTRL" Name="RICONOSCITORE_DI_SEQ_control_sets_placed.rpt"/>
  <File Type="PLACE-PRE-SIMILARITY" Name="RICONOSCITORE_DI_SEQ_incremental_reuse_pre_placed.rpt"/>
  <File Type="ROUTE-DRC" Name="RICONOSCITORE_DI_SEQ_drc_routed.rpt"/>
  <File Type="ROUTE-DRC-PB" Name="RICONOSCITORE_DI_SEQ_drc_routed.pb"/>
  <File Type="ROUTE-PWR-RPX" Name="RICONOSCITORE_DI_SEQ_power_routed.rpx"/>
  <File Type="ROUTE-STATUS" Name="RICONOSCITORE_DI_SEQ_route_status.rpt"/>
  <File Type="ROUTE-STATUS-PB" Name="RICONOSCITORE_DI_SEQ_route_status.pb"/>
  <File Type="ROUTE-DCP" Name="RICONOSCITORE_DI_SEQ_routed.dcp"/>
  <File Type="ROUTE-ERROR-DCP" Name="RICONOSCITORE_DI_SEQ_routed_error.dcp"/>
  <File Type="ROUTE-BLACKBOX-DCP" Name="RICONOSCITORE_DI_SEQ_routed_bb.dcp"/>
  <File Type="ROUTE-TIMINGSUMMARY" Name="RICONOSCITORE_DI_SEQ_timing_summary_routed.rpt"/>
  <File Type="ROUTE-TIMING-PB" Name="RICONOSCITORE_DI_SEQ_timing_summary_routed.pb"/>
  <File Type="ROUTE-TIMING-RPX" Name="RICONOSCITORE_DI_SEQ_timing_summary_routed.rpx"/>
  <File Type="ROUTE-SIMILARITY" Name="RICONOSCITORE_DI_SEQ_incremental_reuse_routed.rpt"/>
  <File Type="ROUTE-BUS-SKEW-PB" Name="RICONOSCITORE_DI_SEQ_bus_skew_routed.pb"/>
  <File Type="ROUTE-BUS-SKEW-RPX" Name="RICONOSCITORE_DI_SEQ_bus_skew_routed.rpx"/>
  <File Type="OPT-DCP" Name="RICONOSCITORE_DI_SEQ_opt.dcp"/>
  <File Type="PLACE-DCP" Name="RICONOSCITORE_DI_SEQ_placed.dcp"/>
  <File Type="PWROPT-DCP" Name="RICONOSCITORE_DI_SEQ_pwropt.dcp"/>
  <File Type="POSTPLACE-PWROPT-DCP" Name="RICONOSCITORE_DI_SEQ_postplace_pwropt.dcp"/>
  <File Type="PHYSOPT-DCP" Name="RICONOSCITORE_DI_SEQ_physopt.dcp"/>
  <File Type="POSTROUTE-PHYSOPT-DCP" Name="RICONOSCITORE_DI_SEQ_postroute_physopt.dcp"/>
  <File Type="POSTROUTE-PHYSOPT-BLACKBOX-DCP" Name="RICONOSCITORE_DI_SEQ_postroute_physopt_bb.dcp"/>
  <File Type="POSTROUTE-PHYSOPT-TIMING" Name="RICONOSCITORE_DI_SEQ_timing_summary_postroute_physopted.rpt"/>
  <File Type="POSTROUTE-PHYSOPT-TIMING-PB" Name="RICONOSCITORE_DI_SEQ_timing_summary_postroute_physopted.pb"/>
  <File Type="POSTROUTE-PHYSOPT-TIMING-RPX" Name="RICONOSCITORE_DI_SEQ_timing_summary_postroute_physopted.rpx"/>
  <File Type="POSTROUTE-PHYSOPT-BUS-SKEW" Name="RICONOSCITORE_DI_SEQ_bus_skew_postroute_physopted.rpt"/>
  <File Type="POSTROUTE-PHYSOPT-BUS-SKEW-RPX" Name="RICONOSCITORE_DI_SEQ_bus_skew_postroute_physopted.rpx"/>
  <File Type="ROUTE-METHODOLOGY-DRC" Name="RICONOSCITORE_DI_SEQ_methodology_drc_routed.rpt"/>
  <File Type="ROUTE-METHODOLOGY-DRC-PB" Name="RICONOSCITORE_DI_SEQ_methodology_drc_routed.pb"/>
  <File Type="ROUTE-DRC-RPX" Name="RICONOSCITORE_DI_SEQ_drc_routed.rpx"/>
  <File Type="ROUTE-METHODOLOGY-DRC-RPX" Name="RICONOSCITORE_DI_SEQ_methodology_drc_routed.rpx"/>
  <File Type="PDI-FILE" Name="RICONOSCITORE_DI_SEQ.pdi"/>
  <File Type="BOOT-PDI-FILE" Name="RICONOSCITORE_DI_SEQ_soc.pdi"/>
  <File Type="PL-PDI-FILE" Name="RICONOSCITORE_DI_SEQ_pld.pdi"/>
  <File Type="RCFI_FILE" Name="RICONOSCITORE_DI_SEQ.rcfi"/>
  <File Type="CFI_FILE" Name="RICONOSCITORE_DI_SEQ.cfi"/>
  <File Type="RNPI_FILE" Name="RICONOSCITORE_DI_SEQ.rnpi"/>
  <File Type="NPI_FILE" Name="RICONOSCITORE_DI_SEQ.npi"/>
  <File Type="RBD_FILE" Name="RICONOSCITORE_DI_SEQ.rbd"/>
  <File Type="ROUTE-RQS" Name="RICONOSCITORE_DI_SEQ_routed.rqs"/>
  <File Type="POSTROUTE-PHYSOPT-RQS" Name="RICONOSCITORE_DI_SEQ_postroute_physopted.rqs"/>
  <File Type="ROUTE-RQS-RPT" Name="route_report_qor_suggestions_0.rpt"/>
  <File Type="POSTROUTE-PHYSOPT-RQS-RPT" Name="postroute_physopt_report_qor_suggestions_0.rpt"/>
  <FileSet Name="sources" Type="DesignSrcs" RelSrcDir="$PSRCDIR/sources_1" RelGenDir="$PGENDIR/sources_1">
    <Filter Type="Srcs"/>
    <File Path="$PSRCDIR/sources_1/new/RICONOSCITORE_DI_SEQ.vhd">
      <FileInfo>
        <Attr Name="UsedIn" Val="synthesis"/>
        <Attr Name="UsedIn" Val="simulation"/>
      </FileInfo>
    </File>
    <Config>
      <Option Name="DesignMode" Val="RTL"/>
      <Option Name="TopModule" Val="RICONOSCITORE_DI_SEQ"/>
      <Option Name="TopAutoSet" Val="TRUE"/>
    </Config>
  </FileSet>
  <FileSet Name="constrs_in" Type="Constrs" RelSrcDir="$PSRCDIR/constrs_1" RelGenDir="$PGENDIR/constrs_1">
    <Filter Type="Constrs"/>
    <Config>
      <Option Name="ConstrsType" Val="XDC"/>
    </Config>
  </FileSet>
  <FileSet Name="utils" Type="Utils" RelSrcDir="$PSRCDIR/utils_1" RelGenDir="$PGENDIR/utils_1">
    <Filter Type="Utils"/>
    <File Path="$PSRCDIR/utils_1/imports/synth_1/RICONOSCITORE_DI_SEQ.dcp">
      <FileInfo>
        <Attr Name="UsedIn" Val="synthesis"/>
        <Attr Name="UsedIn" Val="implementation"/>
        <Attr Name="UsedInSteps" Val="synth_1"/>
        <Attr Name="AutoDcp" Val="1"/>
      </FileInfo>
    </File>
    <Config>
      <Option Name="TopAutoSet" Val="TRUE"/>
    </Config>
  </FileSet>
  <Strategy Version="1" Minor="2">
    <StratHandle Name="Vivado Implementation Defaults" Flow="Vivado Implementation 2023"/>
    <Step Id="init_design"/>
    <Step Id="opt_design"/>
    <Step Id="power_opt_design"/>
    <Step Id="place_design"/>
    <Step Id="post_place_power_opt_design"/>
    <Step Id="phys_opt_design"/>
    <Step Id="route_design"/>
    <Step Id="post_route_phys_opt_design"/>
    <Step Id="write_bitstream"/>
    <Step Id="write_device_image"/>
  </Strategy>
</GenRun>
