<?xml version="1.0" encoding="UTF-8"?>
<GenRun Id="synth_1" LaunchPart="xc7a100tcsg324-1" LaunchTime="1738253499" LaunchIncrCheckpoint="$PSRCDIR/utils_1/imports/synth_1/Riconoscitore_onBoard.dcp">
  <File Type="PA-TCL" Name="Riconoscitore_onBoard.tcl"/>
  <File Type="RDS-PROPCONSTRS" Name="Riconoscitore_onBoard_drc_synth.rpt"/>
  <File Type="REPORTS-TCL" Name="Riconoscitore_onBoard_reports.tcl"/>
  <File Type="RDS-RDS" Name="Riconoscitore_onBoard.vds"/>
  <File Type="RDS-UTIL" Name="Riconoscitore_onBoard_utilization_synth.rpt"/>
  <File Type="RDS-UTIL-PB" Name="Riconoscitore_onBoard_utilization_synth.pb"/>
  <File Type="RDS-DCP" Name="Riconoscitore_onBoard.dcp"/>
  <File Type="VDS-TIMINGSUMMARY" Name="Riconoscitore_onBoard_timing_summary_synth.rpt"/>
  <File Type="VDS-TIMING-PB" Name="Riconoscitore_onBoard_timing_summary_synth.pb"/>
  <FileSet Name="sources" Type="DesignSrcs" RelSrcDir="$PSRCDIR/sources_1" RelGenDir="$PGENDIR/sources_1">
    <Filter Type="Srcs"/>
    <File Path="$PSRCDIR/sources_1/imports/new/ButtonDebouncer.vhd">
      <FileInfo>
        <Attr Name="ImportPath" Val="$PPRDIR/../12_ROM_ON_DISPLAY/12_ROM_ON_DISPLAY.srcs/sources_1/imports/sources_1/new/ButtonDebouncer.vhd"/>
        <Attr Name="ImportTime" Val="1730116291"/>
        <Attr Name="UsedIn" Val="synthesis"/>
        <Attr Name="UsedIn" Val="simulation"/>
      </FileInfo>
    </File>
    <File Path="$PSRCDIR/sources_1/imports/new/RICONOSCITORE_DI_SEQ.vhd">
      <FileInfo>
        <Attr Name="ImportPath" Val="$PPRDIR/../../Progetto_ASDI/Riconoscitore di Sequenza/Riconoscitore di Sequenza.srcs/sources_1/new/RICONOSCITORE_DI_SEQ.vhd"/>
        <Attr Name="ImportTime" Val="1738230928"/>
        <Attr Name="UsedIn" Val="synthesis"/>
        <Attr Name="UsedIn" Val="simulation"/>
      </FileInfo>
    </File>
    <File Path="$PSRCDIR/sources_1/new/Riconoscitore_onBoard.vhd">
      <FileInfo>
        <Attr Name="UsedIn" Val="synthesis"/>
        <Attr Name="UsedIn" Val="simulation"/>
      </FileInfo>
    </File>
    <Config>
      <Option Name="DesignMode" Val="RTL"/>
      <Option Name="TopModule" Val="Riconoscitore_onBoard"/>
    </Config>
  </FileSet>
  <FileSet Name="constrs_in" Type="Constrs" RelSrcDir="$PSRCDIR/constrs_1" RelGenDir="$PGENDIR/constrs_1">
    <Filter Type="Constrs"/>
    <File Path="$PSRCDIR/constrs_1/imports/digilent-xdc-master/Nexys-A7-100T-Master.xdc">
      <FileInfo>
        <Attr Name="ImportPath" Val="$PPRDIR/../../../../Downloads/digilent-xdc-master/digilent-xdc-master/Nexys-A7-100T-Master.xdc"/>
        <Attr Name="ImportTime" Val="1738150359"/>
        <Attr Name="UsedIn" Val="synthesis"/>
        <Attr Name="UsedIn" Val="implementation"/>
      </FileInfo>
    </File>
    <Config>
      <Option Name="ConstrsType" Val="XDC"/>
    </Config>
  </FileSet>
  <FileSet Name="utils" Type="Utils" RelSrcDir="$PSRCDIR/utils_1" RelGenDir="$PGENDIR/utils_1">
    <Filter Type="Utils"/>
    <File Path="$PSRCDIR/utils_1/imports/synth_1/Riconoscitore_onBoard.dcp">
      <FileInfo>
        <Attr Name="UsedIn" Val="synthesis"/>
        <Attr Name="UsedIn" Val="implementation"/>
        <Attr Name="UsedInSteps" Val="synth_1"/>
        <Attr Name="AutoDcp" Val="1"/>
      </FileInfo>
    </File>
    <Config>
      <Option Name="TopAutoSet" Val="TRUE"/>
    </Config>
  </FileSet>
  <Strategy Version="1" Minor="2">
    <StratHandle Name="Vivado Synthesis Defaults" Flow="Vivado Synthesis 2023"/>
    <Step Id="synth_design"/>
  </Strategy>
</GenRun>
