<?xml version="1.0" encoding="UTF-8"?>
<GenRun Id="synth_1" LaunchPart="xa7a15tcpg236-2I" LaunchTime="1732030243" LaunchIncrCheckpoint="$PSRCDIR/utils_1/imports/synth_1/mux_16_1.dcp">
  <File Type="PA-TCL" Name="mux_16_1.tcl"/>
  <File Type="RDS-PROPCONSTRS" Name="mux_16_1_drc_synth.rpt"/>
  <File Type="REPORTS-TCL" Name="mux_16_1_reports.tcl"/>
  <File Type="RDS-RDS" Name="mux_16_1.vds"/>
  <File Type="RDS-UTIL" Name="mux_16_1_utilization_synth.rpt"/>
  <File Type="RDS-UTIL-PB" Name="mux_16_1_utilization_synth.pb"/>
  <File Type="RDS-DCP" Name="mux_16_1.dcp"/>
  <File Type="VDS-TIMINGSUMMARY" Name="mux_16_1_timing_summary_synth.rpt"/>
  <File Type="VDS-TIMING-PB" Name="mux_16_1_timing_summary_synth.pb"/>
  <FileSet Name="sources" Type="DesignSrcs" RelSrcDir="$PSRCDIR/sources_1" RelGenDir="$PGENDIR/sources_1">
    <Filter Type="Srcs"/>
    <File Path="$PSRCDIR/sources_1/imports/sources_1/imports/1-multiplexer21_dataflow/mux_2_1.vhd">
      <FileInfo>
        <Attr Name="ImportPath" Val="$PPRDIR/../../../../../../../../../../../../../Desktop/VIVADO-PROJECTS/2_MUX4_1_structural/2_MUX4_1_structural.srcs/sources_1/imports/1-multiplexer21_dataflow/mux_2_1.vhd"/>
        <Attr Name="ImportTime" Val="1696276018"/>
        <Attr Name="UsedIn" Val="synthesis"/>
        <Attr Name="UsedIn" Val="simulation"/>
      </FileInfo>
    </File>
    <File Path="$PSRCDIR/sources_1/imports/sources_1/new/mux_4_1.vhd">
      <FileInfo>
        <Attr Name="ImportPath" Val="$PPRDIR/../../../../../../../../../../../../../Desktop/VIVADO-PROJECTS/2_MUX4_1_structural/2_MUX4_1_structural.srcs/sources_1/new/mux_4_1.vhd"/>
        <Attr Name="ImportTime" Val="1729868300"/>
        <Attr Name="UsedIn" Val="synthesis"/>
        <Attr Name="UsedIn" Val="simulation"/>
      </FileInfo>
    </File>
    <File Path="$PSRCDIR/sources_1/new/mux_16_1.vhd">
      <FileInfo>
        <Attr Name="ImportPath" Val="$PPRDIR/../../../../../../../../../../../../../Desktop/ProgettoASDI/MUX_16_1/MUX/MUX_16_1.srcs/sources_1/new/mux_16_1.vhd"/>
        <Attr Name="ImportTime" Val="1729868747"/>
        <Attr Name="UsedIn" Val="synthesis"/>
        <Attr Name="UsedIn" Val="simulation"/>
      </FileInfo>
    </File>
    <File Path="$PSRCDIR/sources_1/imports/MUX_16_1/archive_project_summary.txt">
      <FileInfo>
        <Attr Name="ImportPath" Val="$PPRDIR/../../../../../../../Downloads/MUX_16_1/archive_project_summary.txt"/>
        <Attr Name="ImportTime" Val="1729872284"/>
      </FileInfo>
    </File>
    <File Path="$PPRDIR/archive_project_summary.txt"/>
    <Config>
      <Option Name="DesignMode" Val="RTL"/>
      <Option Name="TopModule" Val="mux_16_1"/>
      <Option Name="TopAutoSet" Val="TRUE"/>
    </Config>
  </FileSet>
  <FileSet Name="constrs_in" Type="Constrs" RelSrcDir="$PSRCDIR/constrs_1" RelGenDir="$PGENDIR/constrs_1">
    <Filter Type="Constrs"/>
    <Config>
      <Option Name="ConstrsType" Val="XDC"/>
    </Config>
  </FileSet>
  <FileSet Name="utils" Type="Utils" RelSrcDir="$PSRCDIR/utils_1" RelGenDir="$PGENDIR/utils_1">
    <Filter Type="Utils"/>
    <File Path="$PSRCDIR/utils_1/imports/synth_1/mux_16_1.dcp">
      <FileInfo>
        <Attr Name="UsedIn" Val="synthesis"/>
        <Attr Name="UsedIn" Val="implementation"/>
        <Attr Name="UsedInSteps" Val="synth_1"/>
        <Attr Name="AutoDcp" Val="1"/>
      </FileInfo>
    </File>
    <Config>
      <Option Name="TopAutoSet" Val="TRUE"/>
    </Config>
  </FileSet>
  <Strategy Version="1" Minor="2">
    <StratHandle Name="Vivado Synthesis Defaults" Flow="Vivado Synthesis 2023"/>
    <Step Id="synth_design"/>
  </Strategy>
</GenRun>
