<?xml version="1.0" encoding="UTF-8"?>
<GenRun Id="impl_1" LaunchPart="xc7a100tcsg324-1" LaunchTime="1738159560">
  <File Type="ROUTE-PWR" Name="Rete_board_power_routed.rpt"/>
  <File Type="PA-TCL" Name="Rete_board.tcl"/>
  <File Type="ROUTE-PWR-SUM" Name="Rete_board_power_summary_routed.pb"/>
  <File Type="REPORTS-TCL" Name="Rete_board_reports.tcl"/>
  <File Type="OPT-RQA-PB" Name="Rete_board_rqa_opted.pb"/>
  <File Type="BITSTR-MMI" Name="Rete_board.mmi"/>
  <File Type="OPT-METHODOLOGY-DRC" Name="Rete_board_methodology_drc_opted.rpt"/>
  <File Type="INIT-TIMING" Name="Rete_board_timing_summary_init.rpt"/>
  <File Type="OPT-TIMING" Name="Rete_board_timing_summary_opted.rpt"/>
  <File Type="OPT-DCP" Name="Rete_board_opt.dcp"/>
  <File Type="OPT-DRC" Name="Rete_board_drc_opted.rpt"/>
  <File Type="OPT-HWDEF" Name="Rete_board.hwdef"/>
  <File Type="PWROPT-DCP" Name="Rete_board_pwropt.dcp"/>
  <File Type="PWROPT-DRC" Name="Rete_board_drc_pwropted.rpt"/>
  <File Type="PWROPT-TIMING" Name="Rete_board_timing_summary_pwropted.rpt"/>
  <File Type="PLACE-DCP" Name="Rete_board_placed.dcp"/>
  <File Type="PLACE-IO" Name="Rete_board_io_placed.rpt"/>
  <File Type="PLACE-CLK" Name="Rete_board_clock_utilization_placed.rpt"/>
  <File Type="PLACE-UTIL" Name="Rete_board_utilization_placed.rpt"/>
  <File Type="PLACE-UTIL-PB" Name="Rete_board_utilization_placed.pb"/>
  <File Type="PLACE-CTRL" Name="Rete_board_control_sets_placed.rpt"/>
  <File Type="PLACE-SIMILARITY" Name="Rete_board_incremental_reuse_placed.rpt"/>
  <File Type="PLACE-PRE-SIMILARITY" Name="Rete_board_incremental_reuse_pre_placed.rpt"/>
  <File Type="BG-BIN" Name="Rete_board.bin"/>
  <File Type="PLACE-TIMING" Name="Rete_board_timing_summary_placed.rpt"/>
  <File Type="ROUTE-PWR-RPX" Name="Rete_board_power_routed.rpx"/>
  <File Type="PLACE-RQA-PB" Name="Rete_board_rqa_placed.pb"/>
  <File Type="POSTPLACE-PWROPT-DCP" Name="Rete_board_postplace_pwropt.dcp"/>
  <File Type="BITSTR-MSK" Name="Rete_board.msk"/>
  <File Type="POSTPLACE-PWROPT-TIMING" Name="Rete_board_timing_summary_postplace_pwropted.rpt"/>
  <File Type="PHYSOPT-DCP" Name="Rete_board_physopt.dcp"/>
  <File Type="PHYSOPT-DRC" Name="Rete_board_drc_physopted.rpt"/>
  <File Type="BITSTR-RBT" Name="Rete_board.rbt"/>
  <File Type="PHYSOPT-TIMING" Name="Rete_board_timing_summary_physopted.rpt"/>
  <File Type="ROUTE-ERROR-DCP" Name="Rete_board_routed_error.dcp"/>
  <File Type="ROUTE-DCP" Name="Rete_board_routed.dcp"/>
  <File Type="ROUTE-BLACKBOX-DCP" Name="Rete_board_routed_bb.dcp"/>
  <File Type="ROUTE-DRC" Name="Rete_board_drc_routed.rpt"/>
  <File Type="ROUTE-DRC-PB" Name="Rete_board_drc_routed.pb"/>
  <File Type="ROUTE-DRC-RPX" Name="Rete_board_drc_routed.rpx"/>
  <File Type="ROUTE-METHODOLOGY-DRC" Name="Rete_board_methodology_drc_routed.rpt"/>
  <File Type="ROUTE-METHODOLOGY-DRC-RPX" Name="Rete_board_methodology_drc_routed.rpx"/>
  <File Type="ROUTE-METHODOLOGY-DRC-PB" Name="Rete_board_methodology_drc_routed.pb"/>
  <File Type="ROUTE-RQS-PB" Name="Rete_board_rqs_routed.pb"/>
  <File Type="ROUTE-STATUS" Name="Rete_board_route_status.rpt"/>
  <File Type="ROUTE-STATUS-PB" Name="Rete_board_route_status.pb"/>
  <File Type="ROUTE-TIMINGSUMMARY" Name="Rete_board_timing_summary_routed.rpt"/>
  <File Type="ROUTE-TIMING-PB" Name="Rete_board_timing_summary_routed.pb"/>
  <File Type="ROUTE-TIMING-RPX" Name="Rete_board_timing_summary_routed.rpx"/>
  <File Type="ROUTE-SIMILARITY" Name="Rete_board_incremental_reuse_routed.rpt"/>
  <File Type="ROUTE-CLK" Name="Rete_board_clock_utilization_routed.rpt"/>
  <File Type="ROUTE-BUS-SKEW" Name="Rete_board_bus_skew_routed.rpt"/>
  <File Type="ROUTE-BUS-SKEW-PB" Name="Rete_board_bus_skew_routed.pb"/>
  <File Type="ROUTE-BUS-SKEW-RPX" Name="Rete_board_bus_skew_routed.rpx"/>
  <File Type="POSTROUTE-PHYSOPT-DCP" Name="Rete_board_postroute_physopt.dcp"/>
  <File Type="POSTROUTE-PHYSOPT-BLACKBOX-DCP" Name="Rete_board_postroute_physopt_bb.dcp"/>
  <File Type="POSTROUTE-PHYSOPT-TIMING" Name="Rete_board_timing_summary_postroute_physopted.rpt"/>
  <File Type="POSTROUTE-PHYSOPT-TIMING-PB" Name="Rete_board_timing_summary_postroute_physopted.pb"/>
  <File Type="POSTROUTE-PHYSOPT-TIMING-RPX" Name="Rete_board_timing_summary_postroute_physopted.rpx"/>
  <File Type="POSTROUTE-PHYSOPT-BUS-SKEW" Name="Rete_board_bus_skew_postroute_physopted.rpt"/>
  <File Type="BG-BIT" Name="Rete_board.bit"/>
  <File Type="POSTROUTE-PHYSOPT-BUS-SKEW-PB" Name="Rete_board_bus_skew_postroute_physopted.pb"/>
  <File Type="POSTROUTE-PHYSOPT-BUS-SKEW-RPX" Name="Rete_board_bus_skew_postroute_physopted.rpx"/>
  <File Type="BITSTR-NKY" Name="Rete_board.nky"/>
  <File Type="BITSTR-BMM" Name="Rete_board_bd.bmm"/>
  <File Type="PDI-FILE" Name="Rete_board.pdi"/>
  <File Type="BOOT-PDI-FILE" Name="Rete_board_soc.pdi"/>
  <File Type="PL-PDI-FILE" Name="Rete_board_pld.pdi"/>
  <File Type="RCFI_FILE" Name="Rete_board.rcfi"/>
  <File Type="CFI_FILE" Name="Rete_board.cfi"/>
  <File Type="RNPI_FILE" Name="Rete_board.rnpi"/>
  <File Type="NPI_FILE" Name="Rete_board.npi"/>
  <File Type="RBD_FILE" Name="Rete_board.rbd"/>
  <File Type="BITSTR-LTX" Name="debug_nets.ltx"/>
  <File Type="BITSTR-LTX" Name="Rete_board.ltx"/>
  <File Type="BITSTR-SYSDEF" Name="Rete_board.sysdef"/>
  <File Type="BG-BGN" Name="Rete_board.bgn"/>
  <File Type="BG-DRC" Name="Rete_board.drc"/>
  <File Type="RDI-RDI" Name="Rete_board.vdi"/>
  <File Type="WBT-USG" Name="usage_statistics_webtalk.html"/>
  <File Type="ROUTE-RQS" Name="Rete_board_routed.rqs"/>
  <File Type="POSTROUTE-PHYSOPT-RQS" Name="Rete_board_postroute_physopted.rqs"/>
  <File Type="ROUTE-RQS-RPT" Name="route_report_qor_suggestions_0.rpt"/>
  <File Type="POSTROUTE-PHYSOPT-RQS-RPT" Name="postroute_physopt_report_qor_suggestions_0.rpt"/>
  <FileSet Name="sources" Type="DesignSrcs" RelSrcDir="$PSRCDIR/sources_1" RelGenDir="$PGENDIR/sources_1">
    <Filter Type="Srcs"/>
    <File Path="$PSRCDIR/sources_1/new/Control_unit.vhd">
      <FileInfo>
        <Attr Name="UsedIn" Val="synthesis"/>
        <Attr Name="UsedIn" Val="simulation"/>
      </FileInfo>
    </File>
    <File Path="$PSRCDIR/sources_1/imports/Progetto_ASDI/DEMUX1_4/DEMUX1_4.srcs/sources_1/new/Demux_1_4.vhd">
      <FileInfo>
        <Attr Name="ImportPath" Val="$PPRDIR/../DEMUX1_4/DEMUX1_4.srcs/sources_1/new/Demux_1_4.vhd"/>
        <Attr Name="ImportTime" Val="1730153038"/>
        <Attr Name="UsedIn" Val="synthesis"/>
        <Attr Name="UsedIn" Val="simulation"/>
      </FileInfo>
    </File>
    <File Path="$PSRCDIR/sources_1/imports/Progetto_ASDI/Rete_di_interconnessione/Esercizio1_2.srcs/sources_1/new/RETE_16_4.vhd">
      <FileInfo>
        <Attr Name="ImportPath" Val="$PPRDIR/../Rete_di_interconnessione/Esercizio1_2.srcs/sources_1/new/RETE_16_4.vhd"/>
        <Attr Name="ImportTime" Val="1732029432"/>
        <Attr Name="UsedIn" Val="synthesis"/>
        <Attr Name="UsedIn" Val="simulation"/>
      </FileInfo>
    </File>
    <File Path="$PSRCDIR/sources_1/imports/Progetto_ASDI/MUX_16_1/MUX_16_1.srcs/sources_1/new/mux_16_1.vhd">
      <FileInfo>
        <Attr Name="ImportPath" Val="$PPRDIR/../MUX_16_1/MUX_16_1.srcs/sources_1/new/mux_16_1.vhd"/>
        <Attr Name="ImportTime" Val="1731932512"/>
        <Attr Name="UsedIn" Val="synthesis"/>
        <Attr Name="UsedIn" Val="simulation"/>
      </FileInfo>
    </File>
    <File Path="$PSRCDIR/sources_1/imports/1-multiplexer21_dataflow/mux_2_1.vhd">
      <FileInfo>
        <Attr Name="ImportPath" Val="$PPRDIR/../Rete_di_interconnessione/Esercizio1_2.srcs/sources_1/imports/1-multiplexer21_dataflow/mux_2_1.vhd"/>
        <Attr Name="ImportTime" Val="1731932512"/>
        <Attr Name="UsedIn" Val="synthesis"/>
        <Attr Name="UsedIn" Val="simulation"/>
      </FileInfo>
    </File>
    <File Path="$PSRCDIR/sources_1/imports/new/mux_4_1.vhd">
      <FileInfo>
        <Attr Name="ImportPath" Val="$PPRDIR/../Rete_di_interconnessione/Esercizio1_2.srcs/sources_1/imports/new/mux_4_1.vhd"/>
        <Attr Name="ImportTime" Val="1731932512"/>
        <Attr Name="UsedIn" Val="synthesis"/>
        <Attr Name="UsedIn" Val="simulation"/>
      </FileInfo>
    </File>
    <File Path="$PSRCDIR/sources_1/new/Rete_di_interconnessione.vhd">
      <FileInfo>
        <Attr Name="UsedIn" Val="synthesis"/>
        <Attr Name="UsedIn" Val="simulation"/>
      </FileInfo>
    </File>
    <Config>
      <Option Name="DesignMode" Val="RTL"/>
      <Option Name="TopModule" Val="Rete_board"/>
      <Option Name="TopAutoSet" Val="TRUE"/>
    </Config>
  </FileSet>
  <FileSet Name="constrs_in" Type="Constrs" RelSrcDir="$PSRCDIR/constrs_1" RelGenDir="$PGENDIR/constrs_1">
    <Filter Type="Constrs"/>
    <File Path="$PSRCDIR/constrs_1/imports/digilent-xdc-master/Nexys-A7-100T-Master.xdc">
      <FileInfo>
        <Attr Name="ImportPath" Val="$PPRDIR/../../../../Downloads/digilent-xdc-master/digilent-xdc-master/Nexys-A7-100T-Master.xdc"/>
        <Attr Name="ImportTime" Val="1738150359"/>
        <Attr Name="UsedIn" Val="synthesis"/>
        <Attr Name="UsedIn" Val="implementation"/>
      </FileInfo>
    </File>
    <Config>
      <Option Name="ConstrsType" Val="XDC"/>
    </Config>
  </FileSet>
  <FileSet Name="utils" Type="Utils" RelSrcDir="$PSRCDIR/utils_1" RelGenDir="$PGENDIR/utils_1">
    <Filter Type="Utils"/>
    <File Path="$PSRCDIR/utils_1/imports/synth_1/Rete_board.dcp">
      <FileInfo>
        <Attr Name="UsedIn" Val="synthesis"/>
        <Attr Name="UsedIn" Val="implementation"/>
        <Attr Name="UsedInSteps" Val="synth_1"/>
        <Attr Name="AutoDcp" Val="1"/>
      </FileInfo>
    </File>
    <Config>
      <Option Name="TopAutoSet" Val="TRUE"/>
    </Config>
  </FileSet>
  <Strategy Version="1" Minor="2">
    <StratHandle Name="Vivado Implementation Defaults" Flow="Vivado Implementation 2023"/>
    <Step Id="init_design"/>
    <Step Id="opt_design"/>
    <Step Id="power_opt_design"/>
    <Step Id="place_design"/>
    <Step Id="post_place_power_opt_design"/>
    <Step Id="phys_opt_design"/>
    <Step Id="route_design"/>
    <Step Id="post_route_phys_opt_design"/>
    <Step Id="write_bitstream"/>
  </Strategy>
</GenRun>
