<?xml version="1.0" encoding="UTF-8"?>
<GenRun Id="synth_1" LaunchPart="xc7a100tcsg324-1" LaunchTime="1738777173">
  <File Type="PA-TCL" Name="molt_booth.tcl"/>
  <File Type="REPORTS-TCL" Name="molt_booth_reports.tcl"/>
  <File Type="RDS-RDS" Name="molt_booth.vds"/>
  <File Type="RDS-UTIL" Name="molt_booth_utilization_synth.rpt"/>
  <File Type="RDS-UTIL-PB" Name="molt_booth_utilization_synth.pb"/>
  <File Type="RDS-DCP" Name="molt_booth.dcp"/>
  <FileSet Name="sources" Type="DesignSrcs" RelSrcDir="$PSRCDIR/sources_1" RelGenDir="$PGENDIR/sources_1">
    <Filter Type="Srcs"/>
    <File Path="$PSRCDIR/sources_1/imports/ASDI/VIVADO-PROJECTS/12_ROM_ON_DISPLAY/12_ROM_ON_DISPLAY.srcs/sources_1/imports/sources_1/new/ButtonDebouncer.vhd">
      <FileInfo>
        <Attr Name="ImportPath" Val="$PPRDIR/../../../../../VIVADO-PROJECTS/12_ROM_ON_DISPLAY/12_ROM_ON_DISPLAY.srcs/sources_1/imports/sources_1/new/ButtonDebouncer.vhd"/>
        <Attr Name="ImportTime" Val="1730116291"/>
        <Attr Name="UsedIn" Val="synthesis"/>
        <Attr Name="UsedIn" Val="simulation"/>
      </FileInfo>
    </File>
    <File Path="$PSRCDIR/sources_1/imports/ASDI/Progetto_ASDI/7_Moltiplicatore_Booth_buono.xpr/Moltiplicatore_Booth/Moltiplicatore_Booth.srcs/sources_1/imports/new/adder_sub.vhd">
      <FileInfo>
        <Attr Name="ImportPath" Val="$PPRDIR/../../../../../Progetto_ASDI/7_Moltiplicatore_Booth_buono.xpr/Moltiplicatore_Booth/Moltiplicatore_Booth.srcs/sources_1/imports/new/adder_sub.vhd"/>
        <Attr Name="ImportTime" Val="1732002436"/>
        <Attr Name="UsedIn" Val="synthesis"/>
        <Attr Name="UsedIn" Val="simulation"/>
      </FileInfo>
    </File>
    <File Path="$PSRCDIR/sources_1/imports/ASDI/Progetto_ASDI/7_Moltiplicatore_Booth_buono.xpr/Moltiplicatore_Booth/Moltiplicatore_Booth.srcs/sources_1/imports/new/cont_mod8.vhd">
      <FileInfo>
        <Attr Name="ImportPath" Val="$PPRDIR/../../../../../Progetto_ASDI/7_Moltiplicatore_Booth_buono.xpr/Moltiplicatore_Booth/Moltiplicatore_Booth.srcs/sources_1/imports/new/cont_mod8.vhd"/>
        <Attr Name="ImportTime" Val="1732002436"/>
        <Attr Name="UsedIn" Val="synthesis"/>
        <Attr Name="UsedIn" Val="simulation"/>
      </FileInfo>
    </File>
    <File Path="$PSRCDIR/sources_1/imports/ASDI/Progetto_ASDI/7_Moltiplicatore_Booth_buono.xpr/Moltiplicatore_Booth/Moltiplicatore_Booth.srcs/sources_1/imports/new/full_adder.vhd">
      <FileInfo>
        <Attr Name="ImportPath" Val="$PPRDIR/../../../../../Progetto_ASDI/7_Moltiplicatore_Booth_buono.xpr/Moltiplicatore_Booth/Moltiplicatore_Booth.srcs/sources_1/imports/new/full_adder.vhd"/>
        <Attr Name="ImportTime" Val="1732002436"/>
        <Attr Name="UsedIn" Val="synthesis"/>
        <Attr Name="UsedIn" Val="simulation"/>
      </FileInfo>
    </File>
    <File Path="$PSRCDIR/sources_1/imports/ASDI/Progetto_ASDI/7_Moltiplicatore_Booth_buono.xpr/Moltiplicatore_Booth/Moltiplicatore_Booth.srcs/sources_1/imports/new/mux_21.vhd">
      <FileInfo>
        <Attr Name="ImportPath" Val="$PPRDIR/../../../../../Progetto_ASDI/7_Moltiplicatore_Booth_buono.xpr/Moltiplicatore_Booth/Moltiplicatore_Booth.srcs/sources_1/imports/new/mux_21.vhd"/>
        <Attr Name="ImportTime" Val="1738682274"/>
        <Attr Name="UsedIn" Val="synthesis"/>
        <Attr Name="UsedIn" Val="simulation"/>
      </FileInfo>
    </File>
    <File Path="$PSRCDIR/sources_1/imports/ASDI/Progetto_ASDI/7_Moltiplicatore_Booth_buono.xpr/Moltiplicatore_Booth/Moltiplicatore_Booth.srcs/sources_1/imports/new/registro8.vhd">
      <FileInfo>
        <Attr Name="ImportPath" Val="$PPRDIR/../../../../../Progetto_ASDI/7_Moltiplicatore_Booth_buono.xpr/Moltiplicatore_Booth/Moltiplicatore_Booth.srcs/sources_1/imports/new/registro8.vhd"/>
        <Attr Name="ImportTime" Val="1732002436"/>
        <Attr Name="UsedIn" Val="synthesis"/>
        <Attr Name="UsedIn" Val="simulation"/>
      </FileInfo>
    </File>
    <File Path="$PSRCDIR/sources_1/imports/ASDI/Progetto_ASDI/7_Moltiplicatore_Booth_buono.xpr/Moltiplicatore_Booth/Moltiplicatore_Booth.srcs/sources_1/imports/new/ripple_carry.vhd">
      <FileInfo>
        <Attr Name="ImportPath" Val="$PPRDIR/../../../../../Progetto_ASDI/7_Moltiplicatore_Booth_buono.xpr/Moltiplicatore_Booth/Moltiplicatore_Booth.srcs/sources_1/imports/new/ripple_carry.vhd"/>
        <Attr Name="ImportTime" Val="1732002436"/>
        <Attr Name="UsedIn" Val="synthesis"/>
        <Attr Name="UsedIn" Val="simulation"/>
      </FileInfo>
    </File>
    <File Path="$PSRCDIR/sources_1/imports/ASDI/Progetto_ASDI/7_Moltiplicatore_Booth_buono.xpr/Moltiplicatore_Booth/Moltiplicatore_Booth.srcs/sources_1/imports/new/shift_register.vhd">
      <FileInfo>
        <Attr Name="ImportPath" Val="$PPRDIR/../../../../../Progetto_ASDI/7_Moltiplicatore_Booth_buono.xpr/Moltiplicatore_Booth/Moltiplicatore_Booth.srcs/sources_1/imports/new/shift_register.vhd"/>
        <Attr Name="ImportTime" Val="1738679870"/>
        <Attr Name="UsedIn" Val="synthesis"/>
        <Attr Name="UsedIn" Val="simulation"/>
      </FileInfo>
    </File>
    <File Path="$PSRCDIR/sources_1/imports/ASDI/Progetto_ASDI/7_Moltiplicatore_Booth_buono.xpr/Moltiplicatore_Booth/Moltiplicatore_Booth.srcs/sources_1/imports/new/unita_controllo.vhd">
      <FileInfo>
        <Attr Name="ImportPath" Val="$PPRDIR/../../../../../Progetto_ASDI/7_Moltiplicatore_Booth_buono.xpr/Moltiplicatore_Booth/Moltiplicatore_Booth.srcs/sources_1/imports/new/unita_controllo.vhd"/>
        <Attr Name="ImportTime" Val="1738770896"/>
        <Attr Name="UsedIn" Val="synthesis"/>
        <Attr Name="UsedIn" Val="simulation"/>
      </FileInfo>
    </File>
    <File Path="$PSRCDIR/sources_1/imports/ASDI/Progetto_ASDI/7_Moltiplicatore_Booth_buono.xpr/Moltiplicatore_Booth/Moltiplicatore_Booth.srcs/sources_1/imports/new/unita_operativa.vhd">
      <FileInfo>
        <Attr Name="ImportPath" Val="$PPRDIR/../../../../../Progetto_ASDI/7_Moltiplicatore_Booth_buono.xpr/Moltiplicatore_Booth/Moltiplicatore_Booth.srcs/sources_1/imports/new/unita_operativa.vhd"/>
        <Attr Name="ImportTime" Val="1738769650"/>
        <Attr Name="UsedIn" Val="synthesis"/>
        <Attr Name="UsedIn" Val="simulation"/>
      </FileInfo>
    </File>
    <File Path="$PSRCDIR/sources_1/imports/ASDI/Progetto_ASDI/7_Moltiplicatore_Booth_buono.xpr/Moltiplicatore_Booth/Moltiplicatore_Booth.srcs/sources_1/imports/new/molt_rob.vhd">
      <FileInfo>
        <Attr Name="ImportPath" Val="$PPRDIR/../../../../../Progetto_ASDI/7_Moltiplicatore_Booth_buono.xpr/Moltiplicatore_Booth/Moltiplicatore_Booth.srcs/sources_1/imports/new/molt_rob.vhd"/>
        <Attr Name="ImportTime" Val="1738777163"/>
        <Attr Name="UsedIn" Val="synthesis"/>
        <Attr Name="UsedIn" Val="simulation"/>
      </FileInfo>
    </File>
    <Config>
      <Option Name="DesignMode" Val="RTL"/>
      <Option Name="TopModule" Val="molt_booth"/>
      <Option Name="TopAutoSet" Val="TRUE"/>
    </Config>
  </FileSet>
  <FileSet Name="constrs_in" Type="Constrs" RelSrcDir="$PSRCDIR/constrs_1" RelGenDir="$PGENDIR/constrs_1">
    <Filter Type="Constrs"/>
    <File Path="$PSRCDIR/constrs_1/imports/digilent-xdc-master/Nexys-A7-100T-Master.xdc">
      <FileInfo>
        <Attr Name="ImportPath" Val="$PPRDIR/../../../../../../../Downloads/digilent-xdc-master/digilent-xdc-master/Nexys-A7-100T-Master.xdc"/>
        <Attr Name="ImportTime" Val="1738777044"/>
        <Attr Name="UsedIn" Val="synthesis"/>
        <Attr Name="UsedIn" Val="implementation"/>
      </FileInfo>
    </File>
    <Config>
      <Option Name="ConstrsType" Val="XDC"/>
    </Config>
  </FileSet>
  <FileSet Name="utils" Type="Utils" RelSrcDir="$PSRCDIR/utils_1" RelGenDir="$PGENDIR/utils_1">
    <Filter Type="Utils"/>
    <Config>
      <Option Name="TopAutoSet" Val="TRUE"/>
    </Config>
  </FileSet>
  <Strategy Version="1" Minor="2">
    <StratHandle Name="Vivado Synthesis Defaults" Flow="Vivado Synthesis 2023"/>
    <Step Id="synth_design"/>
  </Strategy>
</GenRun>
