<?xml version="1.0" encoding="UTF-8"?>
<GenRun Id="synth_1" LaunchPart="xc7a100tcsg324-1" LaunchTime="1738159559" LaunchIncrCheckpoint="$PSRCDIR/utils_1/imports/synth_1/Rete_board.dcp">
  <File Type="PA-TCL" Name="Rete_board.tcl"/>
  <File Type="RDS-PROPCONSTRS" Name="Rete_board_drc_synth.rpt"/>
  <File Type="REPORTS-TCL" Name="Rete_board_reports.tcl"/>
  <File Type="RDS-RDS" Name="Rete_board.vds"/>
  <File Type="RDS-UTIL" Name="Rete_board_utilization_synth.rpt"/>
  <File Type="RDS-UTIL-PB" Name="Rete_board_utilization_synth.pb"/>
  <File Type="RDS-DCP" Name="Rete_board.dcp"/>
  <File Type="VDS-TIMINGSUMMARY" Name="Rete_board_timing_summary_synth.rpt"/>
  <File Type="VDS-TIMING-PB" Name="Rete_board_timing_summary_synth.pb"/>
  <FileSet Name="sources" Type="DesignSrcs" RelSrcDir="$PSRCDIR/sources_1" RelGenDir="$PGENDIR/sources_1">
    <Filter Type="Srcs"/>
    <File Path="$PSRCDIR/sources_1/new/Control_unit.vhd">
      <FileInfo>
        <Attr Name="UsedIn" Val="synthesis"/>
        <Attr Name="UsedIn" Val="simulation"/>
      </FileInfo>
    </File>
    <File Path="$PSRCDIR/sources_1/imports/Progetto_ASDI/DEMUX1_4/DEMUX1_4.srcs/sources_1/new/Demux_1_4.vhd">
      <FileInfo>
        <Attr Name="ImportPath" Val="$PPRDIR/../DEMUX1_4/DEMUX1_4.srcs/sources_1/new/Demux_1_4.vhd"/>
        <Attr Name="ImportTime" Val="1730153038"/>
        <Attr Name="UsedIn" Val="synthesis"/>
        <Attr Name="UsedIn" Val="simulation"/>
      </FileInfo>
    </File>
    <File Path="$PSRCDIR/sources_1/imports/Progetto_ASDI/Rete_di_interconnessione/Esercizio1_2.srcs/sources_1/new/RETE_16_4.vhd">
      <FileInfo>
        <Attr Name="ImportPath" Val="$PPRDIR/../Rete_di_interconnessione/Esercizio1_2.srcs/sources_1/new/RETE_16_4.vhd"/>
        <Attr Name="ImportTime" Val="1732029432"/>
        <Attr Name="UsedIn" Val="synthesis"/>
        <Attr Name="UsedIn" Val="simulation"/>
      </FileInfo>
    </File>
    <File Path="$PSRCDIR/sources_1/imports/Progetto_ASDI/MUX_16_1/MUX_16_1.srcs/sources_1/new/mux_16_1.vhd">
      <FileInfo>
        <Attr Name="ImportPath" Val="$PPRDIR/../MUX_16_1/MUX_16_1.srcs/sources_1/new/mux_16_1.vhd"/>
        <Attr Name="ImportTime" Val="1731932512"/>
        <Attr Name="UsedIn" Val="synthesis"/>
        <Attr Name="UsedIn" Val="simulation"/>
      </FileInfo>
    </File>
    <File Path="$PSRCDIR/sources_1/imports/1-multiplexer21_dataflow/mux_2_1.vhd">
      <FileInfo>
        <Attr Name="ImportPath" Val="$PPRDIR/../Rete_di_interconnessione/Esercizio1_2.srcs/sources_1/imports/1-multiplexer21_dataflow/mux_2_1.vhd"/>
        <Attr Name="ImportTime" Val="1731932512"/>
        <Attr Name="UsedIn" Val="synthesis"/>
        <Attr Name="UsedIn" Val="simulation"/>
      </FileInfo>
    </File>
    <File Path="$PSRCDIR/sources_1/imports/new/mux_4_1.vhd">
      <FileInfo>
        <Attr Name="ImportPath" Val="$PPRDIR/../Rete_di_interconnessione/Esercizio1_2.srcs/sources_1/imports/new/mux_4_1.vhd"/>
        <Attr Name="ImportTime" Val="1731932512"/>
        <Attr Name="UsedIn" Val="synthesis"/>
        <Attr Name="UsedIn" Val="simulation"/>
      </FileInfo>
    </File>
    <File Path="$PSRCDIR/sources_1/new/Rete_di_interconnessione.vhd">
      <FileInfo>
        <Attr Name="UsedIn" Val="synthesis"/>
        <Attr Name="UsedIn" Val="simulation"/>
      </FileInfo>
    </File>
    <Config>
      <Option Name="DesignMode" Val="RTL"/>
      <Option Name="TopModule" Val="Rete_board"/>
      <Option Name="TopAutoSet" Val="TRUE"/>
    </Config>
  </FileSet>
  <FileSet Name="constrs_in" Type="Constrs" RelSrcDir="$PSRCDIR/constrs_1" RelGenDir="$PGENDIR/constrs_1">
    <Filter Type="Constrs"/>
    <File Path="$PSRCDIR/constrs_1/imports/digilent-xdc-master/Nexys-A7-100T-Master.xdc">
      <FileInfo>
        <Attr Name="ImportPath" Val="$PPRDIR/../../../../Downloads/digilent-xdc-master/digilent-xdc-master/Nexys-A7-100T-Master.xdc"/>
        <Attr Name="ImportTime" Val="1738150359"/>
        <Attr Name="UsedIn" Val="synthesis"/>
        <Attr Name="UsedIn" Val="implementation"/>
      </FileInfo>
    </File>
    <Config>
      <Option Name="ConstrsType" Val="XDC"/>
    </Config>
  </FileSet>
  <FileSet Name="utils" Type="Utils" RelSrcDir="$PSRCDIR/utils_1" RelGenDir="$PGENDIR/utils_1">
    <Filter Type="Utils"/>
    <File Path="$PSRCDIR/utils_1/imports/synth_1/Rete_board.dcp">
      <FileInfo>
        <Attr Name="UsedIn" Val="synthesis"/>
        <Attr Name="UsedIn" Val="implementation"/>
        <Attr Name="UsedInSteps" Val="synth_1"/>
        <Attr Name="AutoDcp" Val="1"/>
      </FileInfo>
    </File>
    <Config>
      <Option Name="TopAutoSet" Val="TRUE"/>
    </Config>
  </FileSet>
  <Strategy Version="1" Minor="2">
    <StratHandle Name="Vivado Synthesis Defaults" Flow="Vivado Synthesis 2023"/>
    <Step Id="synth_design"/>
  </Strategy>
</GenRun>
