<?xml version="1.0" encoding="UTF-8"?>
<GenRun Id="impl_1" LaunchPart="xc7a100tcsg324-1" LaunchTime="1738932291">
  <File Type="ROUTE-PWR" Name="sistemaPO_PC_power_routed.rpt"/>
  <File Type="PA-TCL" Name="sistemaPO_PC.tcl"/>
  <File Type="ROUTE-PWR-SUM" Name="sistemaPO_PC_power_summary_routed.pb"/>
  <File Type="REPORTS-TCL" Name="sistemaPO_PC_reports.tcl"/>
  <File Type="BITSTR-MSK" Name="sistemaPO_PC.msk"/>
  <File Type="ROUTE-CLK" Name="sistemaPO_PC_clock_utilization_routed.rpt"/>
  <File Type="RDI-RDI" Name="sistemaPO_PC.vdi"/>
  <File Type="POSTROUTE-PHYSOPT-BUS-SKEW-PB" Name="sistemaPO_PC_bus_skew_postroute_physopted.pb"/>
  <File Type="BG-BIT" Name="sistemaPO_PC.bit"/>
  <File Type="BG-DRC" Name="sistemaPO_PC.drc"/>
  <File Type="BG-BGN" Name="sistemaPO_PC.bgn"/>
  <File Type="BG-BIN" Name="sistemaPO_PC.bin"/>
  <File Type="BITSTR-RBT" Name="sistemaPO_PC.rbt"/>
  <File Type="BITSTR-NKY" Name="sistemaPO_PC.nky"/>
  <File Type="BITSTR-BMM" Name="sistemaPO_PC_bd.bmm"/>
  <File Type="BITSTR-MMI" Name="sistemaPO_PC.mmi"/>
  <File Type="ROUTE-METHODOLOGY-DRC" Name="sistemaPO_PC_methodology_drc_routed.rpt"/>
  <File Type="BITSTR-SYSDEF" Name="sistemaPO_PC.sysdef"/>
  <File Type="BITSTR-LTX" Name="debug_nets.ltx"/>
  <File Type="BITSTR-LTX" Name="sistemaPO_PC.ltx"/>
  <File Type="WBT-USG" Name="usage_statistics_webtalk.html"/>
  <File Type="OPT-DRC" Name="sistemaPO_PC_drc_opted.rpt"/>
  <File Type="OPT-HWDEF" Name="sistemaPO_PC.hwdef"/>
  <File Type="PLACE-IO" Name="sistemaPO_PC_io_placed.rpt"/>
  <File Type="PLACE-UTIL" Name="sistemaPO_PC_utilization_placed.rpt"/>
  <File Type="PLACE-UTIL-PB" Name="sistemaPO_PC_utilization_placed.pb"/>
  <File Type="PLACE-CTRL" Name="sistemaPO_PC_control_sets_placed.rpt"/>
  <File Type="PLACE-PRE-SIMILARITY" Name="sistemaPO_PC_incremental_reuse_pre_placed.rpt"/>
  <File Type="ROUTE-DRC" Name="sistemaPO_PC_drc_routed.rpt"/>
  <File Type="ROUTE-DRC-PB" Name="sistemaPO_PC_drc_routed.pb"/>
  <File Type="ROUTE-PWR-RPX" Name="sistemaPO_PC_power_routed.rpx"/>
  <File Type="ROUTE-STATUS" Name="sistemaPO_PC_route_status.rpt"/>
  <File Type="ROUTE-STATUS-PB" Name="sistemaPO_PC_route_status.pb"/>
  <File Type="ROUTE-DCP" Name="sistemaPO_PC_routed.dcp"/>
  <File Type="ROUTE-ERROR-DCP" Name="sistemaPO_PC_routed_error.dcp"/>
  <File Type="ROUTE-BLACKBOX-DCP" Name="sistemaPO_PC_routed_bb.dcp"/>
  <File Type="ROUTE-TIMINGSUMMARY" Name="sistemaPO_PC_timing_summary_routed.rpt"/>
  <File Type="ROUTE-TIMING-PB" Name="sistemaPO_PC_timing_summary_routed.pb"/>
  <File Type="ROUTE-TIMING-RPX" Name="sistemaPO_PC_timing_summary_routed.rpx"/>
  <File Type="ROUTE-SIMILARITY" Name="sistemaPO_PC_incremental_reuse_routed.rpt"/>
  <File Type="ROUTE-BUS-SKEW" Name="sistemaPO_PC_bus_skew_routed.rpt"/>
  <File Type="ROUTE-BUS-SKEW-PB" Name="sistemaPO_PC_bus_skew_routed.pb"/>
  <File Type="ROUTE-BUS-SKEW-RPX" Name="sistemaPO_PC_bus_skew_routed.rpx"/>
  <File Type="OPT-DCP" Name="sistemaPO_PC_opt.dcp"/>
  <File Type="PLACE-DCP" Name="sistemaPO_PC_placed.dcp"/>
  <File Type="PWROPT-DCP" Name="sistemaPO_PC_pwropt.dcp"/>
  <File Type="POSTPLACE-PWROPT-DCP" Name="sistemaPO_PC_postplace_pwropt.dcp"/>
  <File Type="PHYSOPT-DCP" Name="sistemaPO_PC_physopt.dcp"/>
  <File Type="POSTROUTE-PHYSOPT-DCP" Name="sistemaPO_PC_postroute_physopt.dcp"/>
  <File Type="POSTROUTE-PHYSOPT-BLACKBOX-DCP" Name="sistemaPO_PC_postroute_physopt_bb.dcp"/>
  <File Type="POSTROUTE-PHYSOPT-TIMING" Name="sistemaPO_PC_timing_summary_postroute_physopted.rpt"/>
  <File Type="POSTROUTE-PHYSOPT-TIMING-PB" Name="sistemaPO_PC_timing_summary_postroute_physopted.pb"/>
  <File Type="POSTROUTE-PHYSOPT-TIMING-RPX" Name="sistemaPO_PC_timing_summary_postroute_physopted.rpx"/>
  <File Type="POSTROUTE-PHYSOPT-BUS-SKEW" Name="sistemaPO_PC_bus_skew_postroute_physopted.rpt"/>
  <File Type="POSTROUTE-PHYSOPT-BUS-SKEW-RPX" Name="sistemaPO_PC_bus_skew_postroute_physopted.rpx"/>
  <File Type="ROUTE-METHODOLOGY-DRC-PB" Name="sistemaPO_PC_methodology_drc_routed.pb"/>
  <File Type="ROUTE-DRC-RPX" Name="sistemaPO_PC_drc_routed.rpx"/>
  <File Type="ROUTE-METHODOLOGY-DRC-RPX" Name="sistemaPO_PC_methodology_drc_routed.rpx"/>
  <File Type="PDI-FILE" Name="sistemaPO_PC.pdi"/>
  <File Type="BOOT-PDI-FILE" Name="sistemaPO_PC_soc.pdi"/>
  <File Type="PL-PDI-FILE" Name="sistemaPO_PC_pld.pdi"/>
  <File Type="RCFI_FILE" Name="sistemaPO_PC.rcfi"/>
  <File Type="CFI_FILE" Name="sistemaPO_PC.cfi"/>
  <File Type="RNPI_FILE" Name="sistemaPO_PC.rnpi"/>
  <File Type="NPI_FILE" Name="sistemaPO_PC.npi"/>
  <File Type="RBD_FILE" Name="sistemaPO_PC.rbd"/>
  <File Type="ROUTE-RQS" Name="sistemaPO_PC_routed.rqs"/>
  <File Type="POSTROUTE-PHYSOPT-RQS" Name="sistemaPO_PC_postroute_physopted.rqs"/>
  <File Type="ROUTE-RQS-RPT" Name="route_report_qor_suggestions_0.rpt"/>
  <File Type="POSTROUTE-PHYSOPT-RQS-RPT" Name="postroute_physopt_report_qor_suggestions_0.rpt"/>
  <FileSet Name="sources" Type="DesignSrcs" RelSrcDir="$PSRCDIR/sources_1" RelGenDir="$PGENDIR/sources_1">
    <Filter Type="Srcs"/>
    <File Path="$PSRCDIR/sources_1/imports/new/ButtonDebouncer.vhd">
      <FileInfo>
        <Attr Name="ImportPath" Val="$PPRDIR/../../../../../../VIVADO-PROJECTS/12_ROM_ON_DISPLAY/12_ROM_ON_DISPLAY.srcs/sources_1/imports/sources_1/new/ButtonDebouncer.vhd"/>
        <Attr Name="ImportTime" Val="1730116291"/>
        <Attr Name="UsedIn" Val="synthesis"/>
        <Attr Name="UsedIn" Val="simulation"/>
      </FileInfo>
    </File>
    <File Path="$PSRCDIR/sources_1/new/Control_unit.vhd">
      <FileInfo>
        <Attr Name="ImportPath" Val="$PPRDIR/../../../../Sistema_PO_PC.srcs/sources_1/new/Control_unit.vhd"/>
        <Attr Name="ImportTime" Val="1738931242"/>
        <Attr Name="UsedIn" Val="synthesis"/>
        <Attr Name="UsedIn" Val="simulation"/>
      </FileInfo>
    </File>
    <File Path="$PSRCDIR/sources_1/imports/VIVADO-PROJECTS/RCA_generate/RCA_generate.srcs/sources_1/imports/new/FA.vhd">
      <FileInfo>
        <Attr Name="ImportPath" Val="$PPRDIR/../../../../../Sistema_ROM_M_onBoard/Sistema_ROM_M_onBoard.srcs/sources_1/imports/VIVADO-PROJECTS/RCA_generate/RCA_generate.srcs/sources_1/imports/new/FA.vhd"/>
        <Attr Name="ImportTime" Val="1729778928"/>
        <Attr Name="UsedIn" Val="synthesis"/>
        <Attr Name="UsedIn" Val="simulation"/>
      </FileInfo>
    </File>
    <File Path="$PSRCDIR/sources_1/imports/VIVADO-PROJECTS/RCA_generate/RCA_generate.srcs/sources_1/imports/new/RCA_Nbit.vhd">
      <FileInfo>
        <Attr Name="ImportPath" Val="$PPRDIR/../../../../../Sistema_ROM_M_onBoard/Sistema_ROM_M_onBoard.srcs/sources_1/imports/VIVADO-PROJECTS/RCA_generate/RCA_generate.srcs/sources_1/imports/new/RCA_Nbit.vhd"/>
        <Attr Name="ImportTime" Val="1738168652"/>
        <Attr Name="UsedIn" Val="synthesis"/>
        <Attr Name="UsedIn" Val="simulation"/>
      </FileInfo>
    </File>
    <File Path="$PSRCDIR/sources_1/imports/VIVADO-PROJECTS/12_ROM_ON_DISPLAY/12_ROM_ON_DISPLAY.srcs/sources_1/imports/sources_1/new/ROM.vhd">
      <FileInfo>
        <Attr Name="ImportPath" Val="$PPRDIR/../../../../../Sistema_ROM_M_onBoard/Sistema_ROM_M_onBoard.srcs/sources_1/imports/VIVADO-PROJECTS/12_ROM_ON_DISPLAY/12_ROM_ON_DISPLAY.srcs/sources_1/imports/sources_1/new/ROM.vhd"/>
        <Attr Name="ImportTime" Val="1738168691"/>
        <Attr Name="UsedIn" Val="synthesis"/>
        <Attr Name="UsedIn" Val="simulation"/>
      </FileInfo>
    </File>
    <File Path="$PSRCDIR/sources_1/imports/Progetto_ASDI/Contatore_cronometro/Contatore_cronometro.srcs/sources_1/new/contatore.vhd">
      <FileInfo>
        <Attr Name="ImportPath" Val="$PPRDIR/../../../../../Contatore_cronometro/Contatore_cronometro.srcs/sources_1/new/contatore.vhd"/>
        <Attr Name="ImportTime" Val="1738061014"/>
        <Attr Name="UsedIn" Val="synthesis"/>
        <Attr Name="UsedIn" Val="simulation"/>
      </FileInfo>
    </File>
    <File Path="$PSRCDIR/sources_1/imports/Progetto_ASDI/Sistema_ROM_M_onBoard/Sistema_ROM_M_onBoard.srcs/sources_1/new/Sistema_ROM_M.vhd">
      <FileInfo>
        <Attr Name="ImportPath" Val="$PPRDIR/../../../../../Sistema_ROM_M_onBoard/Sistema_ROM_M_onBoard.srcs/sources_1/new/Sistema_ROM_M.vhd"/>
        <Attr Name="ImportTime" Val="1738168752"/>
        <Attr Name="UsedIn" Val="synthesis"/>
        <Attr Name="UsedIn" Val="simulation"/>
      </FileInfo>
    </File>
    <File Path="$PSRCDIR/sources_1/imports/Progetto_ASDI/Cronometro_onDisplay/Cronometro_onDisplay.srcs/sources_1/imports/new/registro_switch.vhd">
      <FileInfo>
        <Attr Name="ImportPath" Val="$PPRDIR/../../../../../Cronometro_onDisplay/Cronometro_onDisplay.srcs/sources_1/imports/new/registro_switch.vhd"/>
        <Attr Name="ImportTime" Val="1738315296"/>
        <Attr Name="UsedIn" Val="synthesis"/>
        <Attr Name="UsedIn" Val="simulation"/>
      </FileInfo>
    </File>
    <File Path="$PSRCDIR/sources_1/new/Sistema_PO_PC.vhd">
      <FileInfo>
        <Attr Name="ImportPath" Val="$PPRDIR/../../../../Sistema_PO_PC.srcs/sources_1/new/Sistema_PO_PC.vhd"/>
        <Attr Name="ImportTime" Val="1738932271"/>
        <Attr Name="UsedIn" Val="synthesis"/>
        <Attr Name="UsedIn" Val="simulation"/>
      </FileInfo>
    </File>
    <Config>
      <Option Name="DesignMode" Val="RTL"/>
      <Option Name="TopModule" Val="sistemaPO_PC"/>
      <Option Name="TopAutoSet" Val="TRUE"/>
    </Config>
  </FileSet>
  <FileSet Name="constrs_in" Type="Constrs" RelSrcDir="$PSRCDIR/constrs_1" RelGenDir="$PGENDIR/constrs_1">
    <Filter Type="Constrs"/>
    <File Path="$PSRCDIR/constrs_1/imports/digilent-xdc-master/Nexys-A7-100T-Master.xdc">
      <FileInfo>
        <Attr Name="ImportPath" Val="$PPRDIR/../../../../../../../../Downloads/digilent-xdc-master/digilent-xdc-master/Nexys-A7-100T-Master.xdc"/>
        <Attr Name="ImportTime" Val="1738932164"/>
        <Attr Name="UsedIn" Val="synthesis"/>
        <Attr Name="UsedIn" Val="implementation"/>
      </FileInfo>
    </File>
    <Config>
      <Option Name="ConstrsType" Val="XDC"/>
    </Config>
  </FileSet>
  <FileSet Name="utils" Type="Utils" RelSrcDir="$PSRCDIR/utils_1" RelGenDir="$PGENDIR/utils_1">
    <Filter Type="Utils"/>
    <Config>
      <Option Name="TopAutoSet" Val="TRUE"/>
    </Config>
  </FileSet>
  <Strategy Version="1" Minor="2">
    <StratHandle Name="Vivado Implementation Defaults" Flow="Vivado Implementation 2023"/>
    <Step Id="init_design"/>
    <Step Id="opt_design"/>
    <Step Id="power_opt_design"/>
    <Step Id="place_design"/>
    <Step Id="post_place_power_opt_design"/>
    <Step Id="phys_opt_design"/>
    <Step Id="route_design"/>
    <Step Id="post_route_phys_opt_design"/>
    <Step Id="write_bitstream"/>
    <Step Id="write_device_image"/>
  </Strategy>
</GenRun>
