<?xml version="1.0" encoding="UTF-8"?>
<GenRun Id="impl_1" LaunchPart="xc7a100tcsg324-1" LaunchTime="1738339973">
  <File Type="ROUTE-PWR" Name="Cronometro_onBoard_power_routed.rpt"/>
  <File Type="PA-TCL" Name="Cronometro_onBoard.tcl"/>
  <File Type="ROUTE-PWR-SUM" Name="Cronometro_onBoard_power_summary_routed.pb"/>
  <File Type="REPORTS-TCL" Name="Cronometro_onBoard_reports.tcl"/>
  <File Type="OPT-RQA-PB" Name="Cronometro_onBoard_rqa_opted.pb"/>
  <File Type="BITSTR-MMI" Name="Cronometro_onBoard.mmi"/>
  <File Type="OPT-METHODOLOGY-DRC" Name="Cronometro_onBoard_methodology_drc_opted.rpt"/>
  <File Type="INIT-TIMING" Name="Cronometro_onBoard_timing_summary_init.rpt"/>
  <File Type="OPT-TIMING" Name="Cronometro_onBoard_timing_summary_opted.rpt"/>
  <File Type="OPT-DCP" Name="Cronometro_onBoard_opt.dcp"/>
  <File Type="OPT-DRC" Name="Cronometro_onBoard_drc_opted.rpt"/>
  <File Type="OPT-HWDEF" Name="Cronometro_onBoard.hwdef"/>
  <File Type="PWROPT-DCP" Name="Cronometro_onBoard_pwropt.dcp"/>
  <File Type="PWROPT-DRC" Name="Cronometro_onBoard_drc_pwropted.rpt"/>
  <File Type="PWROPT-TIMING" Name="Cronometro_onBoard_timing_summary_pwropted.rpt"/>
  <File Type="PLACE-DCP" Name="Cronometro_onBoard_placed.dcp"/>
  <File Type="PLACE-IO" Name="Cronometro_onBoard_io_placed.rpt"/>
  <File Type="PLACE-CLK" Name="Cronometro_onBoard_clock_utilization_placed.rpt"/>
  <File Type="PLACE-UTIL" Name="Cronometro_onBoard_utilization_placed.rpt"/>
  <File Type="PLACE-UTIL-PB" Name="Cronometro_onBoard_utilization_placed.pb"/>
  <File Type="PLACE-CTRL" Name="Cronometro_onBoard_control_sets_placed.rpt"/>
  <File Type="PLACE-SIMILARITY" Name="Cronometro_onBoard_incremental_reuse_placed.rpt"/>
  <File Type="PLACE-PRE-SIMILARITY" Name="Cronometro_onBoard_incremental_reuse_pre_placed.rpt"/>
  <File Type="BG-BIN" Name="Cronometro_onBoard.bin"/>
  <File Type="PLACE-TIMING" Name="Cronometro_onBoard_timing_summary_placed.rpt"/>
  <File Type="ROUTE-PWR-RPX" Name="Cronometro_onBoard_power_routed.rpx"/>
  <File Type="PLACE-RQA-PB" Name="Cronometro_onBoard_rqa_placed.pb"/>
  <File Type="POSTPLACE-PWROPT-DCP" Name="Cronometro_onBoard_postplace_pwropt.dcp"/>
  <File Type="BITSTR-MSK" Name="Cronometro_onBoard.msk"/>
  <File Type="POSTPLACE-PWROPT-TIMING" Name="Cronometro_onBoard_timing_summary_postplace_pwropted.rpt"/>
  <File Type="PHYSOPT-DCP" Name="Cronometro_onBoard_physopt.dcp"/>
  <File Type="PHYSOPT-DRC" Name="Cronometro_onBoard_drc_physopted.rpt"/>
  <File Type="BITSTR-RBT" Name="Cronometro_onBoard.rbt"/>
  <File Type="PHYSOPT-TIMING" Name="Cronometro_onBoard_timing_summary_physopted.rpt"/>
  <File Type="ROUTE-ERROR-DCP" Name="Cronometro_onBoard_routed_error.dcp"/>
  <File Type="ROUTE-DCP" Name="Cronometro_onBoard_routed.dcp"/>
  <File Type="ROUTE-BLACKBOX-DCP" Name="Cronometro_onBoard_routed_bb.dcp"/>
  <File Type="ROUTE-DRC" Name="Cronometro_onBoard_drc_routed.rpt"/>
  <File Type="ROUTE-DRC-PB" Name="Cronometro_onBoard_drc_routed.pb"/>
  <File Type="ROUTE-DRC-RPX" Name="Cronometro_onBoard_drc_routed.rpx"/>
  <File Type="ROUTE-METHODOLOGY-DRC" Name="Cronometro_onBoard_methodology_drc_routed.rpt"/>
  <File Type="ROUTE-METHODOLOGY-DRC-RPX" Name="Cronometro_onBoard_methodology_drc_routed.rpx"/>
  <File Type="ROUTE-METHODOLOGY-DRC-PB" Name="Cronometro_onBoard_methodology_drc_routed.pb"/>
  <File Type="ROUTE-RQS-PB" Name="Cronometro_onBoard_rqs_routed.pb"/>
  <File Type="ROUTE-STATUS" Name="Cronometro_onBoard_route_status.rpt"/>
  <File Type="ROUTE-STATUS-PB" Name="Cronometro_onBoard_route_status.pb"/>
  <File Type="ROUTE-TIMINGSUMMARY" Name="Cronometro_onBoard_timing_summary_routed.rpt"/>
  <File Type="ROUTE-TIMING-PB" Name="Cronometro_onBoard_timing_summary_routed.pb"/>
  <File Type="ROUTE-TIMING-RPX" Name="Cronometro_onBoard_timing_summary_routed.rpx"/>
  <File Type="ROUTE-SIMILARITY" Name="Cronometro_onBoard_incremental_reuse_routed.rpt"/>
  <File Type="ROUTE-CLK" Name="Cronometro_onBoard_clock_utilization_routed.rpt"/>
  <File Type="ROUTE-BUS-SKEW" Name="Cronometro_onBoard_bus_skew_routed.rpt"/>
  <File Type="ROUTE-BUS-SKEW-PB" Name="Cronometro_onBoard_bus_skew_routed.pb"/>
  <File Type="ROUTE-BUS-SKEW-RPX" Name="Cronometro_onBoard_bus_skew_routed.rpx"/>
  <File Type="POSTROUTE-PHYSOPT-DCP" Name="Cronometro_onBoard_postroute_physopt.dcp"/>
  <File Type="POSTROUTE-PHYSOPT-BLACKBOX-DCP" Name="Cronometro_onBoard_postroute_physopt_bb.dcp"/>
  <File Type="POSTROUTE-PHYSOPT-TIMING" Name="Cronometro_onBoard_timing_summary_postroute_physopted.rpt"/>
  <File Type="POSTROUTE-PHYSOPT-TIMING-PB" Name="Cronometro_onBoard_timing_summary_postroute_physopted.pb"/>
  <File Type="POSTROUTE-PHYSOPT-TIMING-RPX" Name="Cronometro_onBoard_timing_summary_postroute_physopted.rpx"/>
  <File Type="POSTROUTE-PHYSOPT-BUS-SKEW" Name="Cronometro_onBoard_bus_skew_postroute_physopted.rpt"/>
  <File Type="BG-BIT" Name="Cronometro_onBoard.bit"/>
  <File Type="POSTROUTE-PHYSOPT-BUS-SKEW-PB" Name="Cronometro_onBoard_bus_skew_postroute_physopted.pb"/>
  <File Type="POSTROUTE-PHYSOPT-BUS-SKEW-RPX" Name="Cronometro_onBoard_bus_skew_postroute_physopted.rpx"/>
  <File Type="BITSTR-NKY" Name="Cronometro_onBoard.nky"/>
  <File Type="BITSTR-BMM" Name="Cronometro_onBoard_bd.bmm"/>
  <File Type="PDI-FILE" Name="Cronometro_onBoard.pdi"/>
  <File Type="BOOT-PDI-FILE" Name="Cronometro_onBoard_soc.pdi"/>
  <File Type="PL-PDI-FILE" Name="Cronometro_onBoard_pld.pdi"/>
  <File Type="RCFI_FILE" Name="Cronometro_onBoard.rcfi"/>
  <File Type="CFI_FILE" Name="Cronometro_onBoard.cfi"/>
  <File Type="RNPI_FILE" Name="Cronometro_onBoard.rnpi"/>
  <File Type="NPI_FILE" Name="Cronometro_onBoard.npi"/>
  <File Type="RBD_FILE" Name="Cronometro_onBoard.rbd"/>
  <File Type="BITSTR-LTX" Name="debug_nets.ltx"/>
  <File Type="BITSTR-LTX" Name="Cronometro_onBoard.ltx"/>
  <File Type="BITSTR-SYSDEF" Name="Cronometro_onBoard.sysdef"/>
  <File Type="BG-BGN" Name="Cronometro_onBoard.bgn"/>
  <File Type="BG-DRC" Name="Cronometro_onBoard.drc"/>
  <File Type="RDI-RDI" Name="Cronometro_onBoard.vdi"/>
  <File Type="WBT-USG" Name="usage_statistics_webtalk.html"/>
  <File Type="ROUTE-RQS" Name="Cronometro_onBoard_routed.rqs"/>
  <File Type="POSTROUTE-PHYSOPT-RQS" Name="Cronometro_onBoard_postroute_physopted.rqs"/>
  <File Type="ROUTE-RQS-RPT" Name="route_report_qor_suggestions_0.rpt"/>
  <File Type="POSTROUTE-PHYSOPT-RQS-RPT" Name="postroute_physopt_report_qor_suggestions_0.rpt"/>
  <FileSet Name="sources" Type="DesignSrcs" RelSrcDir="$PSRCDIR/sources_1" RelGenDir="$PGENDIR/sources_1">
    <Filter Type="Srcs"/>
    <File Path="$PSRCDIR/sources_1/imports/new/Blocco_Visualizzazione.vhd">
      <FileInfo>
        <Attr Name="ImportPath" Val="$PPRDIR/../Blocco_Visualizzazione/Blocco_Visualizzazione.srcs/sources_1/new/Blocco_Visualizzazione.vhd"/>
        <Attr Name="ImportTime" Val="1738333415"/>
        <Attr Name="UsedIn" Val="synthesis"/>
        <Attr Name="UsedIn" Val="simulation"/>
      </FileInfo>
    </File>
    <File Path="$PSRCDIR/sources_1/imports/new/Blocco_di_acquisizione.vhd">
      <FileInfo>
        <Attr Name="ImportPath" Val="$PPRDIR/../Blocco_di_acquisizione/Blocco_di_acquisizione.srcs/sources_1/new/Blocco_di_acquisizione.vhd"/>
        <Attr Name="ImportTime" Val="1738322116"/>
        <Attr Name="UsedIn" Val="synthesis"/>
        <Attr Name="UsedIn" Val="simulation"/>
      </FileInfo>
    </File>
    <File Path="$PSRCDIR/sources_1/imports/new/ButtonDebouncer.vhd">
      <FileInfo>
        <Attr Name="ImportPath" Val="$PPRDIR/../../VIVADO-PROJECTS/12_ROM_ON_DISPLAY/12_ROM_ON_DISPLAY.srcs/sources_1/imports/sources_1/new/ButtonDebouncer.vhd"/>
        <Attr Name="ImportTime" Val="1730116291"/>
        <Attr Name="UsedIn" Val="synthesis"/>
        <Attr Name="UsedIn" Val="simulation"/>
      </FileInfo>
    </File>
    <File Path="$PSRCDIR/sources_1/imports/new/Control_unit.vhd">
      <FileInfo>
        <Attr Name="ImportPath" Val="$PPRDIR/../Blocco_di_acquisizione/Blocco_di_acquisizione.srcs/sources_1/new/Control_unit.vhd"/>
        <Attr Name="ImportTime" Val="1738322304"/>
        <Attr Name="UsedIn" Val="synthesis"/>
        <Attr Name="UsedIn" Val="simulation"/>
      </FileInfo>
    </File>
    <File Path="$PPRDIR/../Cronometro/Cronometro.srcs/sources_1/imports/new/Frequency_div.vhd">
      <FileInfo>
        <Attr Name="UsedIn" Val="synthesis"/>
        <Attr Name="UsedIn" Val="simulation"/>
      </FileInfo>
    </File>
    <File Path="$PSRCDIR/sources_1/imports/imports/Display7Seg - Vivado/anodes_manager.vhd">
      <FileInfo>
        <Attr Name="ImportPath" Val="$PPRDIR/../Blocco_Visualizzazione/Blocco_Visualizzazione.srcs/sources_1/imports/Display7Seg - Vivado/anodes_manager.vhd"/>
        <Attr Name="ImportTime" Val="1731595431"/>
        <Attr Name="UsedIn" Val="synthesis"/>
        <Attr Name="UsedIn" Val="simulation"/>
      </FileInfo>
    </File>
    <File Path="$PSRCDIR/sources_1/imports/imports/new/cathodes_input_manager.vhd">
      <FileInfo>
        <Attr Name="ImportPath" Val="$PPRDIR/../Blocco_Visualizzazione/Blocco_Visualizzazione.srcs/sources_1/imports/new/cathodes_input_manager.vhd"/>
        <Attr Name="ImportTime" Val="1731595431"/>
        <Attr Name="UsedIn" Val="synthesis"/>
        <Attr Name="UsedIn" Val="simulation"/>
      </FileInfo>
    </File>
    <File Path="$PSRCDIR/sources_1/imports/imports/Display7Seg - Vivado/cathodes_manager.vhd">
      <FileInfo>
        <Attr Name="ImportPath" Val="$PPRDIR/../Blocco_Visualizzazione/Blocco_Visualizzazione.srcs/sources_1/imports/Display7Seg - Vivado/cathodes_manager.vhd"/>
        <Attr Name="ImportTime" Val="1731595431"/>
        <Attr Name="UsedIn" Val="synthesis"/>
        <Attr Name="UsedIn" Val="simulation"/>
      </FileInfo>
    </File>
    <File Path="$PSRCDIR/sources_1/imports/imports/Display7Seg - Vivado/clock_divider.vhd">
      <FileInfo>
        <Attr Name="ImportPath" Val="$PPRDIR/../Blocco_Visualizzazione/Blocco_Visualizzazione.srcs/sources_1/imports/Display7Seg - Vivado/clock_divider.vhd"/>
        <Attr Name="ImportTime" Val="1731595431"/>
        <Attr Name="UsedIn" Val="synthesis"/>
        <Attr Name="UsedIn" Val="simulation"/>
      </FileInfo>
    </File>
    <File Path="$PSRCDIR/sources_1/imports/new/contatore.vhd">
      <FileInfo>
        <Attr Name="ImportPath" Val="$PPRDIR/../Cronometro/Cronometro.srcs/sources_1/imports/new/contatore.vhd"/>
        <Attr Name="ImportTime" Val="1738061014"/>
        <Attr Name="UsedIn" Val="synthesis"/>
        <Attr Name="UsedIn" Val="simulation"/>
      </FileInfo>
    </File>
    <File Path="$PSRCDIR/sources_1/imports/imports/new/counter_mod8.vhd">
      <FileInfo>
        <Attr Name="ImportPath" Val="$PPRDIR/../Blocco_Visualizzazione/Blocco_Visualizzazione.srcs/sources_1/imports/new/counter_mod8.vhd"/>
        <Attr Name="ImportTime" Val="1731595431"/>
        <Attr Name="UsedIn" Val="synthesis"/>
        <Attr Name="UsedIn" Val="simulation"/>
      </FileInfo>
    </File>
    <File Path="$PSRCDIR/sources_1/imports/new/cronometro.vhd">
      <FileInfo>
        <Attr Name="ImportPath" Val="$PPRDIR/../Cronometro/Cronometro.srcs/sources_1/new/cronometro.vhd"/>
        <Attr Name="ImportTime" Val="1738076206"/>
        <Attr Name="UsedIn" Val="synthesis"/>
        <Attr Name="UsedIn" Val="simulation"/>
      </FileInfo>
    </File>
    <File Path="$PSRCDIR/sources_1/imports/imports/Display7Seg - Vivado/display_seven_segments.vhd">
      <FileInfo>
        <Attr Name="ImportPath" Val="$PPRDIR/../Blocco_Visualizzazione/Blocco_Visualizzazione.srcs/sources_1/imports/Display7Seg - Vivado/display_seven_segments.vhd"/>
        <Attr Name="ImportTime" Val="1738330845"/>
        <Attr Name="UsedIn" Val="synthesis"/>
        <Attr Name="UsedIn" Val="simulation"/>
      </FileInfo>
    </File>
    <File Path="$PSRCDIR/sources_1/imports/new/encoder_display.vhd">
      <FileInfo>
        <Attr Name="ImportPath" Val="$PPRDIR/../Blocco_Visualizzazione/Blocco_Visualizzazione.srcs/sources_1/new/encoder_display.vhd"/>
        <Attr Name="ImportTime" Val="1738334396"/>
        <Attr Name="UsedIn" Val="synthesis"/>
        <Attr Name="UsedIn" Val="simulation"/>
      </FileInfo>
    </File>
    <File Path="$PSRCDIR/sources_1/imports/new/registro_switch.vhd">
      <FileInfo>
        <Attr Name="ImportPath" Val="$PPRDIR/../Blocco_di_acquisizione/Blocco_di_acquisizione.srcs/sources_1/new/registro_switch.vhd"/>
        <Attr Name="ImportTime" Val="1738315296"/>
        <Attr Name="UsedIn" Val="synthesis"/>
        <Attr Name="UsedIn" Val="simulation"/>
      </FileInfo>
    </File>
    <File Path="$PSRCDIR/sources_1/new/Cronometro_onBoard.vhd">
      <FileInfo>
        <Attr Name="UsedIn" Val="synthesis"/>
        <Attr Name="UsedIn" Val="simulation"/>
      </FileInfo>
    </File>
    <Config>
      <Option Name="DesignMode" Val="RTL"/>
      <Option Name="TopModule" Val="Cronometro_onBoard"/>
      <Option Name="TopAutoSet" Val="TRUE"/>
    </Config>
  </FileSet>
  <FileSet Name="constrs_in" Type="Constrs" RelSrcDir="$PSRCDIR/constrs_1" RelGenDir="$PGENDIR/constrs_1">
    <Filter Type="Constrs"/>
    <File Path="$PSRCDIR/constrs_1/imports/digilent-xdc-master/Nexys-A7-100T-Master.xdc">
      <FileInfo>
        <Attr Name="ImportPath" Val="$PPRDIR/../../../../Downloads/digilent-xdc-master/digilent-xdc-master/Nexys-A7-100T-Master.xdc"/>
        <Attr Name="ImportTime" Val="1738150359"/>
        <Attr Name="UsedIn" Val="synthesis"/>
        <Attr Name="UsedIn" Val="implementation"/>
      </FileInfo>
    </File>
    <Config>
      <Option Name="ConstrsType" Val="XDC"/>
    </Config>
  </FileSet>
  <FileSet Name="utils" Type="Utils" RelSrcDir="$PSRCDIR/utils_1" RelGenDir="$PGENDIR/utils_1">
    <Filter Type="Utils"/>
    <File Path="$PSRCDIR/utils_1/imports/synth_1/Cronometro_onBoard.dcp">
      <FileInfo>
        <Attr Name="UsedIn" Val="synthesis"/>
        <Attr Name="UsedIn" Val="implementation"/>
        <Attr Name="UsedInSteps" Val="synth_1"/>
        <Attr Name="AutoDcp" Val="1"/>
      </FileInfo>
    </File>
    <Config>
      <Option Name="TopAutoSet" Val="TRUE"/>
    </Config>
  </FileSet>
  <Strategy Version="1" Minor="2">
    <StratHandle Name="Vivado Implementation Defaults" Flow="Vivado Implementation 2023">
      <Desc>Default settings for Implementation.</Desc>
    </StratHandle>
    <Step Id="init_design"/>
    <Step Id="opt_design"/>
    <Step Id="power_opt_design"/>
    <Step Id="place_design"/>
    <Step Id="post_place_power_opt_design"/>
    <Step Id="phys_opt_design"/>
    <Step Id="route_design"/>
    <Step Id="post_route_phys_opt_design"/>
    <Step Id="write_bitstream"/>
  </Strategy>
</GenRun>
