<?xml version="1.0" encoding="UTF-8"?>
<GenRun Id="impl_1" LaunchPart="xc7a12ticsg325-1L" LaunchTime="1738012078">
  <File Type="ROUTE-PWR" Name="Behavioral_power_routed.rpt"/>
  <File Type="PA-TCL" Name="Behavioral.tcl"/>
  <File Type="ROUTE-PWR-SUM" Name="Behavioral_power_summary_routed.pb"/>
  <File Type="REPORTS-TCL" Name="Behavioral_reports.tcl"/>
  <File Type="OPT-RQA-PB" Name="Behavioral_rqa_opted.pb"/>
  <File Type="BITSTR-MMI" Name="Behavioral.mmi"/>
  <File Type="OPT-METHODOLOGY-DRC" Name="Behavioral_methodology_drc_opted.rpt"/>
  <File Type="INIT-TIMING" Name="Behavioral_timing_summary_init.rpt"/>
  <File Type="OPT-TIMING" Name="Behavioral_timing_summary_opted.rpt"/>
  <File Type="OPT-DCP" Name="Behavioral_opt.dcp"/>
  <File Type="OPT-DRC" Name="Behavioral_drc_opted.rpt"/>
  <File Type="OPT-HWDEF" Name="Behavioral.hwdef"/>
  <File Type="PWROPT-DCP" Name="Behavioral_pwropt.dcp"/>
  <File Type="PWROPT-DRC" Name="Behavioral_drc_pwropted.rpt"/>
  <File Type="PWROPT-TIMING" Name="Behavioral_timing_summary_pwropted.rpt"/>
  <File Type="PLACE-DCP" Name="Behavioral_placed.dcp"/>
  <File Type="PLACE-IO" Name="Behavioral_io_placed.rpt"/>
  <File Type="PLACE-CLK" Name="Behavioral_clock_utilization_placed.rpt"/>
  <File Type="PLACE-UTIL" Name="Behavioral_utilization_placed.rpt"/>
  <File Type="PLACE-UTIL-PB" Name="Behavioral_utilization_placed.pb"/>
  <File Type="PLACE-CTRL" Name="Behavioral_control_sets_placed.rpt"/>
  <File Type="PLACE-SIMILARITY" Name="Behavioral_incremental_reuse_placed.rpt"/>
  <File Type="PLACE-PRE-SIMILARITY" Name="Behavioral_incremental_reuse_pre_placed.rpt"/>
  <File Type="BG-BIN" Name="Behavioral.bin"/>
  <File Type="PLACE-TIMING" Name="Behavioral_timing_summary_placed.rpt"/>
  <File Type="ROUTE-PWR-RPX" Name="Behavioral_power_routed.rpx"/>
  <File Type="PLACE-RQA-PB" Name="Behavioral_rqa_placed.pb"/>
  <File Type="POSTPLACE-PWROPT-DCP" Name="Behavioral_postplace_pwropt.dcp"/>
  <File Type="BITSTR-MSK" Name="Behavioral.msk"/>
  <File Type="POSTPLACE-PWROPT-TIMING" Name="Behavioral_timing_summary_postplace_pwropted.rpt"/>
  <File Type="PHYSOPT-DCP" Name="Behavioral_physopt.dcp"/>
  <File Type="PHYSOPT-DRC" Name="Behavioral_drc_physopted.rpt"/>
  <File Type="BITSTR-RBT" Name="Behavioral.rbt"/>
  <File Type="PHYSOPT-TIMING" Name="Behavioral_timing_summary_physopted.rpt"/>
  <File Type="ROUTE-ERROR-DCP" Name="Behavioral_routed_error.dcp"/>
  <File Type="ROUTE-DCP" Name="Behavioral_routed.dcp"/>
  <File Type="ROUTE-BLACKBOX-DCP" Name="Behavioral_routed_bb.dcp"/>
  <File Type="ROUTE-DRC" Name="Behavioral_drc_routed.rpt"/>
  <File Type="ROUTE-DRC-PB" Name="Behavioral_drc_routed.pb"/>
  <File Type="ROUTE-DRC-RPX" Name="Behavioral_drc_routed.rpx"/>
  <File Type="ROUTE-METHODOLOGY-DRC" Name="Behavioral_methodology_drc_routed.rpt"/>
  <File Type="ROUTE-METHODOLOGY-DRC-RPX" Name="Behavioral_methodology_drc_routed.rpx"/>
  <File Type="ROUTE-METHODOLOGY-DRC-PB" Name="Behavioral_methodology_drc_routed.pb"/>
  <File Type="ROUTE-RQS-PB" Name="Behavioral_rqs_routed.pb"/>
  <File Type="ROUTE-STATUS" Name="Behavioral_route_status.rpt"/>
  <File Type="ROUTE-STATUS-PB" Name="Behavioral_route_status.pb"/>
  <File Type="ROUTE-TIMINGSUMMARY" Name="Behavioral_timing_summary_routed.rpt"/>
  <File Type="ROUTE-TIMING-PB" Name="Behavioral_timing_summary_routed.pb"/>
  <File Type="ROUTE-TIMING-RPX" Name="Behavioral_timing_summary_routed.rpx"/>
  <File Type="ROUTE-SIMILARITY" Name="Behavioral_incremental_reuse_routed.rpt"/>
  <File Type="ROUTE-CLK" Name="Behavioral_clock_utilization_routed.rpt"/>
  <File Type="ROUTE-BUS-SKEW" Name="Behavioral_bus_skew_routed.rpt"/>
  <File Type="ROUTE-BUS-SKEW-PB" Name="Behavioral_bus_skew_routed.pb"/>
  <File Type="ROUTE-BUS-SKEW-RPX" Name="Behavioral_bus_skew_routed.rpx"/>
  <File Type="POSTROUTE-PHYSOPT-DCP" Name="Behavioral_postroute_physopt.dcp"/>
  <File Type="POSTROUTE-PHYSOPT-BLACKBOX-DCP" Name="Behavioral_postroute_physopt_bb.dcp"/>
  <File Type="POSTROUTE-PHYSOPT-TIMING" Name="Behavioral_timing_summary_postroute_physopted.rpt"/>
  <File Type="POSTROUTE-PHYSOPT-TIMING-PB" Name="Behavioral_timing_summary_postroute_physopted.pb"/>
  <File Type="POSTROUTE-PHYSOPT-TIMING-RPX" Name="Behavioral_timing_summary_postroute_physopted.rpx"/>
  <File Type="POSTROUTE-PHYSOPT-BUS-SKEW" Name="Behavioral_bus_skew_postroute_physopted.rpt"/>
  <File Type="BG-BIT" Name="Behavioral.bit"/>
  <File Type="POSTROUTE-PHYSOPT-BUS-SKEW-PB" Name="Behavioral_bus_skew_postroute_physopted.pb"/>
  <File Type="POSTROUTE-PHYSOPT-BUS-SKEW-RPX" Name="Behavioral_bus_skew_postroute_physopted.rpx"/>
  <File Type="BITSTR-NKY" Name="Behavioral.nky"/>
  <File Type="BITSTR-BMM" Name="Behavioral_bd.bmm"/>
  <File Type="PDI-FILE" Name="Behavioral.pdi"/>
  <File Type="BOOT-PDI-FILE" Name="Behavioral_soc.pdi"/>
  <File Type="PL-PDI-FILE" Name="Behavioral_pld.pdi"/>
  <File Type="RCFI_FILE" Name="Behavioral.rcfi"/>
  <File Type="CFI_FILE" Name="Behavioral.cfi"/>
  <File Type="RNPI_FILE" Name="Behavioral.rnpi"/>
  <File Type="NPI_FILE" Name="Behavioral.npi"/>
  <File Type="RBD_FILE" Name="Behavioral.rbd"/>
  <File Type="BITSTR-LTX" Name="debug_nets.ltx"/>
  <File Type="BITSTR-LTX" Name="Behavioral.ltx"/>
  <File Type="BITSTR-SYSDEF" Name="Behavioral.sysdef"/>
  <File Type="BG-BGN" Name="Behavioral.bgn"/>
  <File Type="BG-DRC" Name="Behavioral.drc"/>
  <File Type="RDI-RDI" Name="Behavioral.vdi"/>
  <File Type="WBT-USG" Name="usage_statistics_webtalk.html"/>
  <File Type="ROUTE-RQS" Name="Behavioral_routed.rqs"/>
  <File Type="POSTROUTE-PHYSOPT-RQS" Name="Behavioral_postroute_physopted.rqs"/>
  <File Type="ROUTE-RQS-RPT" Name="route_report_qor_suggestions_0.rpt"/>
  <File Type="POSTROUTE-PHYSOPT-RQS-RPT" Name="postroute_physopt_report_qor_suggestions_0.rpt"/>
  <FileSet Name="sources" Type="DesignSrcs" RelSrcDir="$PSRCDIR/sources_1" RelGenDir="$PGENDIR/sources_1">
    <Filter Type="Srcs"/>
    <File Path="$PSRCDIR/sources_1/new/Behavioral.vhd">
      <FileInfo>
        <Attr Name="UsedIn" Val="synthesis"/>
        <Attr Name="UsedIn" Val="simulation"/>
      </FileInfo>
    </File>
    <Config>
      <Option Name="DesignMode" Val="RTL"/>
      <Option Name="TopModule" Val="Behavioral"/>
      <Option Name="TopAutoSet" Val="TRUE"/>
    </Config>
  </FileSet>
  <FileSet Name="constrs_in" Type="Constrs" RelSrcDir="$PSRCDIR/constrs_1" RelGenDir="$PGENDIR/constrs_1">
    <Filter Type="Constrs"/>
    <Config>
      <Option Name="ConstrsType" Val="XDC"/>
    </Config>
  </FileSet>
  <FileSet Name="utils" Type="Utils" RelSrcDir="$PSRCDIR/utils_1" RelGenDir="$PGENDIR/utils_1">
    <Filter Type="Utils"/>
    <File Path="$PSRCDIR/utils_1/imports/synth_1/Behavioral.dcp">
      <FileInfo>
        <Attr Name="UsedIn" Val="synthesis"/>
        <Attr Name="UsedIn" Val="implementation"/>
        <Attr Name="UsedInSteps" Val="synth_1"/>
        <Attr Name="AutoDcp" Val="1"/>
      </FileInfo>
    </File>
    <Config>
      <Option Name="TopAutoSet" Val="TRUE"/>
    </Config>
  </FileSet>
  <Strategy Version="1" Minor="2">
    <StratHandle Name="Vivado Implementation Defaults" Flow="Vivado Implementation 2023">
      <Desc>Default settings for Implementation.</Desc>
    </StratHandle>
    <Step Id="init_design"/>
    <Step Id="opt_design"/>
    <Step Id="power_opt_design"/>
    <Step Id="place_design"/>
    <Step Id="post_place_power_opt_design"/>
    <Step Id="phys_opt_design"/>
    <Step Id="route_design"/>
    <Step Id="post_route_phys_opt_design"/>
    <Step Id="write_bitstream"/>
  </Strategy>
</GenRun>
