<?xml version="1.0" encoding="UTF-8"?>
<GenRun Id="synth_1" LaunchPart="xc7a100tcsg324-1" LaunchTime="1738168882">
  <File Type="PA-TCL" Name="Sistema_ROM_M.tcl"/>
  <File Type="RDS-PROPCONSTRS" Name="Sistema_ROM_M_drc_synth.rpt"/>
  <File Type="REPORTS-TCL" Name="Sistema_ROM_M_reports.tcl"/>
  <File Type="RDS-RDS" Name="Sistema_ROM_M.vds"/>
  <File Type="RDS-UTIL" Name="Sistema_ROM_M_utilization_synth.rpt"/>
  <File Type="RDS-UTIL-PB" Name="Sistema_ROM_M_utilization_synth.pb"/>
  <File Type="RDS-DCP" Name="Sistema_ROM_M.dcp"/>
  <File Type="VDS-TIMINGSUMMARY" Name="Sistema_ROM_M_timing_summary_synth.rpt"/>
  <File Type="VDS-TIMING-PB" Name="Sistema_ROM_M_timing_summary_synth.pb"/>
  <FileSet Name="sources" Type="DesignSrcs" RelSrcDir="$PSRCDIR/sources_1" RelGenDir="$PGENDIR/sources_1">
    <Filter Type="Srcs"/>
    <File Path="$PSRCDIR/sources_1/imports/VIVADO-PROJECTS/RCA_generate/RCA_generate.srcs/sources_1/imports/new/FA.vhd">
      <FileInfo>
        <Attr Name="ImportPath" Val="$PPRDIR/../RCA_generate/RCA_generate.srcs/sources_1/imports/new/FA.vhd"/>
        <Attr Name="ImportTime" Val="1729778928"/>
        <Attr Name="UsedIn" Val="synthesis"/>
        <Attr Name="UsedIn" Val="simulation"/>
      </FileInfo>
    </File>
    <File Path="$PSRCDIR/sources_1/imports/VIVADO-PROJECTS/RCA_generate/RCA_generate.srcs/sources_1/imports/new/RCA_Nbit.vhd">
      <FileInfo>
        <Attr Name="ImportPath" Val="$PPRDIR/../RCA_generate/RCA_generate.srcs/sources_1/imports/new/RCA_Nbit.vhd"/>
        <Attr Name="ImportTime" Val="1729780409"/>
        <Attr Name="UsedIn" Val="synthesis"/>
        <Attr Name="UsedIn" Val="simulation"/>
      </FileInfo>
    </File>
    <File Path="$PSRCDIR/sources_1/imports/VIVADO-PROJECTS/12_ROM_ON_DISPLAY/12_ROM_ON_DISPLAY.srcs/sources_1/imports/sources_1/new/ROM.vhd">
      <FileInfo>
        <Attr Name="ImportPath" Val="$PPRDIR/../12_ROM_ON_DISPLAY/12_ROM_ON_DISPLAY.srcs/sources_1/imports/sources_1/new/ROM.vhd"/>
        <Attr Name="ImportTime" Val="1730116291"/>
        <Attr Name="UsedIn" Val="synthesis"/>
        <Attr Name="UsedIn" Val="simulation"/>
      </FileInfo>
    </File>
    <File Path="$PSRCDIR/sources_1/new/Sistema_ROM_M.vhd">
      <FileInfo>
        <Attr Name="UsedIn" Val="synthesis"/>
        <Attr Name="UsedIn" Val="simulation"/>
      </FileInfo>
    </File>
    <Config>
      <Option Name="DesignMode" Val="RTL"/>
      <Option Name="TopModule" Val="Sistema_ROM_M"/>
      <Option Name="TopAutoSet" Val="TRUE"/>
    </Config>
  </FileSet>
  <FileSet Name="constrs_in" Type="Constrs" RelSrcDir="$PSRCDIR/constrs_1" RelGenDir="$PGENDIR/constrs_1">
    <Filter Type="Constrs"/>
    <File Path="$PSRCDIR/constrs_1/imports/digilent-xdc-master/Nexys-A7-100T-Master.xdc">
      <FileInfo>
        <Attr Name="ImportPath" Val="$PPRDIR/../../../../Downloads/digilent-xdc-master/digilent-xdc-master/Nexys-A7-100T-Master.xdc"/>
        <Attr Name="ImportTime" Val="1738150359"/>
        <Attr Name="UsedIn" Val="synthesis"/>
        <Attr Name="UsedIn" Val="implementation"/>
      </FileInfo>
    </File>
    <Config>
      <Option Name="ConstrsType" Val="XDC"/>
    </Config>
  </FileSet>
  <FileSet Name="utils" Type="Utils" RelSrcDir="$PSRCDIR/utils_1" RelGenDir="$PGENDIR/utils_1">
    <Filter Type="Utils"/>
    <Config>
      <Option Name="TopAutoSet" Val="TRUE"/>
    </Config>
  </FileSet>
  <Strategy Version="1" Minor="2">
    <StratHandle Name="Vivado Synthesis Defaults" Flow="Vivado Synthesis 2023">
      <Desc>Vivado Synthesis Defaults</Desc>
    </StratHandle>
    <Step Id="synth_design"/>
  </Strategy>
</GenRun>
